{
"type": "FeatureCollection",
"name": "mykolaivPolygons",
"crs": { "type": "name", "properties": { "name": "urn:ogc:def:crs:OGC:1.3:CRS84" } },
"features": [
  {
    "geometry": {
      "coordinates": [[[35.857101, 45.4352624], [35.6648402, 45.3079161], [35.4396205, 45.2422016], [35.1869349, 45.3426754], [35.1374965, 45.3117793], [35.0276332, 45.3928455], [35.0990443, 45.45838549999999], [35.0111537, 45.6353474], [34.8573451, 45.7274542], [34.6362453, 45.9518068], [34.8683314, 45.94512280000001], [34.8312526, 46.1129329], [34.8092799, 46.16289129999999], [34.8697048, 46.2384562], [35.0537257, 46.2636214], [35.2188933, 46.3935886], [35.1686137, 46.5007803], [35.1934094, 46.50976059999999], [35.2675032, 46.35413979999999], [35.322308, 46.337593], [35.3798824, 46.3802748], [35.3182374, 46.47464899999999], [35.2783767, 46.5822404], [35.302694, 46.6215844], [35.2775722, 46.6562122], [35.2959612, 46.7248926], [35.3883171, 46.6972644], [35.5360963, 46.7095178], [35.8749538, 46.7296844], [36.1125331, 46.66281], [36.0768276, 46.8350081], [35.6977109, 46.7840248], [35.413528, 46.8063465], [35.3423466, 46.8170937], [34.9249604, 46.7724322], [34.2599635, 46.78519299999999], [33.9550929, 46.76167939999999], [33.4847277, 46.81707329999999], [33.3673243, 46.7541528], [33.2025294, 46.8227936], [32.8825526, 46.7400378], [32.7040248, 46.7945957], [32.4128871, 46.7221533], [32.478805, 46.6722338], [32.6600795, 46.7381555], [32.8083949, 46.67788740000001], [32.6216273, 46.6024578], [32.275558, 46.4777689], [32.1602015, 46.4209974], [32.0338588, 46.3679573], [31.7592006, 46.3148657], [31.8031459, 46.2579246], [31.907516, 46.2845045], [32.0628577, 46.231897], [32.2343592, 46.1771568], [32.2288661, 46.13244590000001], [32.5227504, 46.0676935], [32.7411037, 46.11436100000001], [33.1050258, 46.1067445], [33.1929164, 46.16289129999999], [33.4071498, 46.0371954], [33.4895473, 46.0410086], [33.5664515, 46.13244590000001], [33.6213832, 46.07150450000001], [33.6103969, 45.9608767], [33.7422328, 45.9341402], [33.6927943, 45.89209979999999], [33.5994105, 45.8806287], [33.1709437, 45.7274542], [32.9237514, 45.63918820000001], [32.4952846, 45.4314076], [32.5062709, 45.3503967], [32.6436, 45.3117793], [32.7369838, 45.37741329999999], [32.9182582, 45.3696956], [33.0940394, 45.2422016], [33.2643275, 45.1415498], [33.3961635, 45.2035104], [33.6103969, 45.04072], [33.5994105, 44.8696795], [33.5389857, 44.8385264], [33.5279994, 44.623893], [33.3961635, 44.576958], [33.4675746, 44.5025668], [33.5939174, 44.4947306], [33.7532191, 44.388839], [34.082809, 44.4163108], [34.2750697, 44.5299851], [34.4783168, 44.7371626], [34.9397426, 44.8307355], [35.0935512, 44.8151506], [35.2858119, 44.9669241], [35.4561, 44.951376], [35.4011683, 45.07952180000001], [35.5824428, 45.1299247], [35.8461146, 45.0018919], [36.0438685, 45.0484825], [36.2416224, 45.0290744], [36.4448695, 45.087279], [36.395431, 45.18028309999999], [36.42839, 45.2770011], [36.4833217, 45.3696956], [36.5767055, 45.3503967], [36.6316371, 45.3967029], [36.4668422, 45.4737956], [36.3130336, 45.4699435], [36.0713344, 45.4468251], [36.0383754, 45.4044169], [35.9449916, 45.37741329999999], [35.857101, 45.4352624]]],
      "type": "Polygon"
    },
    "properties": {
      "fid": 1,
      "Name": null,
      "description": "Дата: 25.02.2022<br>",
      "No": 1,
      "id": "p1",
      "side": "ru"
    },
    "type": "Feature"
},
  {
    "geometry": {
      "coordinates": [
        [
          [
            35.857101,
            45.4352624
          ],
          [
            35.6648402,
            45.3079161
          ],
          [
            35.4396205,
            45.2422016
          ],
          [
            35.1869349,
            45.3426754
          ],
          [
            35.1374965,
            45.3117793
          ],
          [
            35.0276332,
            45.3928455
          ],
          [
            35.0990443,
            45.45838549999999
          ],
          [
            35.0111537,
            45.6353474
          ],
          [
            34.8573451,
            45.7274542
          ],
          [
            34.6362453,
            45.9518068
          ],
          [
            34.8683314,
            45.94512280000001
          ],
          [
            34.8312526,
            46.1129329
          ],
          [
            34.8092799,
            46.16289129999999
          ],
          [
            34.8697048,
            46.2384562
          ],
          [
            35.0537257,
            46.2636214
          ],
          [
            35.2188933,
            46.3935886
          ],
          [
            35.1686137,
            46.5007803
          ],
          [
            35.1934094,
            46.50976059999999
          ],
          [
            35.2675032,
            46.35413979999999
          ],
          [
            35.322308,
            46.337593
          ],
          [
            35.3798824,
            46.3802748
          ],
          [
            35.5256043,
            46.4718117
          ],
          [
            35.6285659,
            46.5095129
          ],
          [
            35.7050683,
            46.5762921
          ],
          [
            35.8104091,
            46.61566560000001
          ],
          [
            35.9147792,
            46.6580974
          ],
          [
            36.1125331,
            46.66281
          ],
          [
            36.2724166,
            46.6374426
          ],
          [
            36.4058052,
            46.7276747
          ],
          [
            36.5959316,
            46.7819018
          ],
          [
            36.4356237,
            46.8852175
          ],
          [
            36.362696,
            47.01656890000001
          ],
          [
            36.1588856,
            47.06989500000001
          ],
          [
            36.1975888,
            47.1700601
          ],
          [
            35.7064384,
            47.2371089
          ],
          [
            35.4037638,
            47.3488319
          ],
          [
            34.9733592,
            47.3272511
          ],
          [
            34.5813136,
            47.4185062
          ],
          [
            34.4657806,
            47.49874479999999
          ],
          [
            34.1728884,
            47.4130228
          ],
          [
            34.0624394,
            47.3501033
          ],
          [
            33.8510468,
            47.1380033
          ],
          [
            33.7079005,
            47.008529
          ],
          [
            33.6996608,
            46.9176179
          ],
          [
            33.5973376,
            46.8208323
          ],
          [
            33.3673243,
            46.7541528
          ],
          [
            33.2025294,
            46.8227936
          ],
          [
            32.8825526,
            46.7400378
          ],
          [
            32.7053981,
            46.8105763
          ],
          [
            32.5655582,
            46.77635300000001
          ],
          [
            32.4931437,
            46.7260319
          ],
          [
            32.2514938,
            46.8663078
          ],
          [
            32.2341675,
            46.8493707
          ],
          [
            32.2007136,
            46.8472198
          ],
          [
            32.478805,
            46.6722338
          ],
          [
            32.6600795,
            46.7381555
          ],
          [
            32.8083949,
            46.67788740000001
          ],
          [
            32.6216273,
            46.6024578
          ],
          [
            32.275558,
            46.4777689
          ],
          [
            32.1602015,
            46.4209974
          ],
          [
            32.0338588,
            46.3679573
          ],
          [
            31.7592006,
            46.3148657
          ],
          [
            31.8031459,
            46.2579246
          ],
          [
            31.907516,
            46.2845045
          ],
          [
            32.0628577,
            46.231897
          ],
          [
            32.2343592,
            46.1771568
          ],
          [
            32.2288661,
            46.13244590000001
          ],
          [
            32.5227504,
            46.0676935
          ],
          [
            32.7411037,
            46.11436100000001
          ],
          [
            33.1050258,
            46.1067445
          ],
          [
            33.1929164,
            46.16289129999999
          ],
          [
            33.4071498,
            46.0371954
          ],
          [
            33.4895473,
            46.0410086
          ],
          [
            33.5664515,
            46.13244590000001
          ],
          [
            33.6213832,
            46.07150450000001
          ],
          [
            33.6103969,
            45.9608767
          ],
          [
            33.7422328,
            45.9341402
          ],
          [
            33.6927943,
            45.89209979999999
          ],
          [
            33.5994105,
            45.8806287
          ],
          [
            33.1709437,
            45.7274542
          ],
          [
            32.9237514,
            45.63918820000001
          ],
          [
            32.4952846,
            45.4314076
          ],
          [
            32.5062709,
            45.3503967
          ],
          [
            32.6436,
            45.3117793
          ],
          [
            32.7369838,
            45.37741329999999
          ],
          [
            32.9182582,
            45.3696956
          ],
          [
            33.0940394,
            45.2422016
          ],
          [
            33.2643275,
            45.1415498
          ],
          [
            33.3961635,
            45.2035104
          ],
          [
            33.6103969,
            45.04072
          ],
          [
            33.5994105,
            44.8696795
          ],
          [
            33.5389857,
            44.8385264
          ],
          [
            33.5279994,
            44.623893
          ],
          [
            33.3961635,
            44.576958
          ],
          [
            33.4675746,
            44.5025668
          ],
          [
            33.5939174,
            44.4947306
          ],
          [
            33.7532191,
            44.388839
          ],
          [
            34.082809,
            44.4163108
          ],
          [
            34.2750697,
            44.5299851
          ],
          [
            34.4783168,
            44.7371626
          ],
          [
            34.9397426,
            44.8307355
          ],
          [
            35.0935512,
            44.8151506
          ],
          [
            35.2858119,
            44.9669241
          ],
          [
            35.4561,
            44.951376
          ],
          [
            35.4011683,
            45.07952180000001
          ],
          [
            35.5824428,
            45.1299247
          ],
          [
            35.8461146,
            45.0018919
          ],
          [
            36.0438685,
            45.0484825
          ],
          [
            36.2416224,
            45.0290744
          ],
          [
            36.4448695,
            45.087279
          ],
          [
            36.395431,
            45.18028309999999
          ],
          [
            36.42839,
            45.2770011
          ],
          [
            36.4833217,
            45.3696956
          ],
          [
            36.5767055,
            45.3503967
          ],
          [
            36.6316371,
            45.3967029
          ],
          [
            36.4668422,
            45.4737956
          ],
          [
            36.3130336,
            45.4699435
          ],
          [
            36.0713344,
            45.4468251
          ],
          [
            36.0383754,
            45.4044169
          ],
          [
            35.9449916,
            45.37741329999999
          ],
          [
            35.857101,
            45.4352624
          ]
        ]
      ],
      "type": "Polygon"
    },
    "properties": {
      "fid": 2,
      "Name": null,
      "description": "Дата: 2022-02-26<br>",
      "No": 7,
      "id": "p2",
      "side": "ru"
    },
    "type": "Feature"
  },
  {
    "geometry": {
      "coordinates": [
        [
          [
            35.857101,
            45.4352624
          ],
          [
            35.6648402,
            45.3079161
          ],
          [
            35.4396205,
            45.2422016
          ],
          [
            35.1869349,
            45.3426754
          ],
          [
            35.1374965,
            45.3117793
          ],
          [
            35.0276332,
            45.3928455
          ],
          [
            35.0990443,
            45.45838549999999
          ],
          [
            35.0111537,
            45.6353474
          ],
          [
            34.8573451,
            45.7274542
          ],
          [
            34.6362453,
            45.9518068
          ],
          [
            34.8683314,
            45.94512280000001
          ],
          [
            34.8312526,
            46.1129329
          ],
          [
            34.8092799,
            46.16289129999999
          ],
          [
            34.8697048,
            46.2384562
          ],
          [
            35.0537257,
            46.2636214
          ],
          [
            35.2188933,
            46.3935886
          ],
          [
            35.1686137,
            46.5007803
          ],
          [
            35.1934094,
            46.50976059999999
          ],
          [
            35.2675032,
            46.35413979999999
          ],
          [
            35.322308,
            46.337593
          ],
          [
            35.3798824,
            46.3802748
          ],
          [
            35.5256043,
            46.4718117
          ],
          [
            35.6285659,
            46.5095129
          ],
          [
            35.7050683,
            46.5762921
          ],
          [
            35.8104091,
            46.61566560000001
          ],
          [
            35.9147792,
            46.6580974
          ],
          [
            36.1125331,
            46.66281
          ],
          [
            36.2724166,
            46.6374426
          ],
          [
            36.4058052,
            46.7276747
          ],
          [
            36.6158443,
            46.7786103
          ],
          [
            36.4356237,
            46.8852175
          ],
          [
            36.362696,
            47.01656890000001
          ],
          [
            36.1588856,
            47.06989500000001
          ],
          [
            36.1900357,
            47.17612810000001
          ],
          [
            35.6988853,
            47.2305816
          ],
          [
            35.4988475,
            47.33452919999999
          ],
          [
            35.2801676,
            47.42971900000001
          ],
          [
            35.0021983,
            47.3570293
          ],
          [
            34.6499782,
            47.46680349999999
          ],
          [
            34.4657806,
            47.49874479999999
          ],
          [
            34.1728884,
            47.4130228
          ],
          [
            34.0624394,
            47.3501033
          ],
          [
            33.8510468,
            47.1380033
          ],
          [
            33.7079005,
            47.008529
          ],
          [
            33.6996608,
            46.9176179
          ],
          [
            33.5973376,
            46.8208323
          ],
          [
            33.3673243,
            46.7541528
          ],
          [
            33.2025294,
            46.8227936
          ],
          [
            32.8825526,
            46.7400378
          ],
          [
            32.7053981,
            46.8105763
          ],
          [
            32.5655582,
            46.77635300000001
          ],
          [
            32.4931437,
            46.7260319
          ],
          [
            32.2501905,
            46.887202
          ],
          [
            32.3427776,
            46.9557612
          ],
          [
            32.5114217,
            47.03260890000001
          ],
          [
            32.7777268,
            47.07752900000001
          ],
          [
            32.7858057,
            47.0922951
          ],
          [
            32.6995404,
            47.1210616
          ],
          [
            32.6467468,
            47.1339083
          ],
          [
            32.6199985,
            47.1841041
          ],
          [
            32.5979111,
            47.26353820000001
          ],
          [
            32.4789971,
            47.40924830000001
          ],
          [
            32.4681075,
            47.39229000000001
          ],
          [
            32.4407469,
            47.386486
          ],
          [
            32.5353034,
            47.2694641
          ],
          [
            32.5575335,
            47.1640502
          ],
          [
            32.4582729,
            47.11271959999999
          ],
          [
            32.4560596,
            47.0656067
          ],
          [
            32.1711563,
            46.9352743
          ],
          [
            32.1502218,
            46.9175382
          ],
          [
            32.1190028,
            46.90589129999999
          ],
          [
            32.5309901,
            46.65055629999999
          ],
          [
            32.4749205,
            46.6447988
          ],
          [
            32.4312294,
            46.6300627
          ],
          [
            32.3215632,
            46.5665919
          ],
          [
            32.275558,
            46.4777689
          ],
          [
            32.1602015,
            46.4209974
          ],
          [
            32.0338588,
            46.3679573
          ],
          [
            31.7592006,
            46.3148657
          ],
          [
            31.8031459,
            46.2579246
          ],
          [
            31.907516,
            46.2845045
          ],
          [
            32.0628577,
            46.231897
          ],
          [
            32.2343592,
            46.1771568
          ],
          [
            32.2288661,
            46.13244590000001
          ],
          [
            32.5227504,
            46.0676935
          ],
          [
            32.7411037,
            46.11436100000001
          ],
          [
            33.1050258,
            46.1067445
          ],
          [
            33.1929164,
            46.16289129999999
          ],
          [
            33.4071498,
            46.0371954
          ],
          [
            33.4895473,
            46.0410086
          ],
          [
            33.5664515,
            46.13244590000001
          ],
          [
            33.6213832,
            46.07150450000001
          ],
          [
            33.6103969,
            45.9608767
          ],
          [
            33.7422328,
            45.9341402
          ],
          [
            33.6927943,
            45.89209979999999
          ],
          [
            33.5994105,
            45.8806287
          ],
          [
            33.1709437,
            45.7274542
          ],
          [
            32.9237514,
            45.63918820000001
          ],
          [
            32.4952846,
            45.4314076
          ],
          [
            32.5062709,
            45.3503967
          ],
          [
            32.6436,
            45.3117793
          ],
          [
            32.7369838,
            45.37741329999999
          ],
          [
            32.9182582,
            45.3696956
          ],
          [
            33.0940394,
            45.2422016
          ],
          [
            33.2643275,
            45.1415498
          ],
          [
            33.3961635,
            45.2035104
          ],
          [
            33.6103969,
            45.04072
          ],
          [
            33.5994105,
            44.8696795
          ],
          [
            33.5389857,
            44.8385264
          ],
          [
            33.5279994,
            44.623893
          ],
          [
            33.3961635,
            44.576958
          ],
          [
            33.4675746,
            44.5025668
          ],
          [
            33.5939174,
            44.4947306
          ],
          [
            33.7532191,
            44.388839
          ],
          [
            34.082809,
            44.4163108
          ],
          [
            34.2750697,
            44.5299851
          ],
          [
            34.4783168,
            44.7371626
          ],
          [
            34.9397426,
            44.8307355
          ],
          [
            35.0935512,
            44.8151506
          ],
          [
            35.2858119,
            44.9669241
          ],
          [
            35.4561,
            44.951376
          ],
          [
            35.4011683,
            45.07952180000001
          ],
          [
            35.5824428,
            45.1299247
          ],
          [
            35.8461146,
            45.0018919
          ],
          [
            36.0438685,
            45.0484825
          ],
          [
            36.2416224,
            45.0290744
          ],
          [
            36.4448695,
            45.087279
          ],
          [
            36.395431,
            45.18028309999999
          ],
          [
            36.42839,
            45.2770011
          ],
          [
            36.4833217,
            45.3696956
          ],
          [
            36.5767055,
            45.3503967
          ],
          [
            36.6316371,
            45.3967029
          ],
          [
            36.4668422,
            45.4737956
          ],
          [
            36.3130336,
            45.4699435
          ],
          [
            36.0713344,
            45.4468251
          ],
          [
            36.0383754,
            45.4044169
          ],
          [
            35.9449916,
            45.37741329999999
          ],
          [
            35.857101,
            45.4352624
          ]
        ]
      ],
      "type": "Polygon"
    },
    "properties": {
      "fid": 3,
      "Name": null,
      "description": "Дата: 1-2.03.2022<br>",
      "No": 23,
      "id": "p3",
      "side": "ru"
    },
    "type": "Feature"
  },
{ "type": "Feature", "properties": { "fid": 4, "Name": null, "description": "Дата: 3-4-03-2022", "No": 1, "id": "p4", "side": "ru" }, "geometry": { "type": "Polygon", "coordinates": [[[32.7858057, 47.0922951], [32.6995404, 47.1210616], [32.7085449, 47.14324979999999], [32.6763034, 47.1971694], [32.6487229, 47.28310560000001], [32.4563378, 47.4334067], [32.3815902, 47.41552699999999], [32.3549162, 47.3115851], [32.2714244, 47.2075125], [32.24022, 47.2171687], [32.1655253, 47.21311419999999], [32.1148472, 47.44805659999999], [32.087376, 47.4447424], [32.0227781, 47.4436549], [31.9515198, 47.4406802], [31.8430646, 47.42911759999999], [31.8173268, 47.4699559], [31.7699263, 47.4634322], [31.764853, 47.5319953], [31.6134614, 47.5443464], [31.4912835, 47.4844772], [31.3862182, 47.5483133], [31.3575436, 47.5619328], [31.3604678, 47.5384808], [31.4254641, 47.4930783], [31.4778205, 47.4559517], [31.5547833, 47.4640645], [31.6304038, 47.5046231], [31.7190956, 47.5084396], [31.72626500000001, 47.4525568], [31.7976676, 47.4512957], [31.8031237, 47.4060243], [32.0878137, 47.42195679999999], [32.0875409, 47.2993624], [32.1149012, 47.2127126], [32.101047, 47.1764241], [32.202433, 47.1802441], [32.2989868, 47.182635], [32.3613314, 47.262413], [32.42956, 47.3588459], [32.4627473, 47.28707140000001], [32.5486475, 47.25354179999999], [32.6145251, 47.1238858], [32.5186977, 47.0814011], [32.3805286, 47.0618648], [32.4393285, 46.9836461], [32.4630122, 46.9016691], [32.4252895, 46.8177367], [32.3766174, 46.8558891], [32.2696286, 46.8964111], [32.2278104, 47.00197519999999], [32.1021321, 47.00724160000001], [32.1615748, 46.8678795], [32.1927818, 46.7681468], [32.3526976, 46.6532833], [32.4312294, 46.6300627], [32.3215632, 46.5665919], [32.275558, 46.4777689], [32.1602015, 46.4209974], [32.0338588, 46.3679573], [31.7592006, 46.3148657], [31.8031459, 46.2579246], [31.907516, 46.2845045], [32.0628577, 46.231897], [32.2343592, 46.1771568], [32.2288661, 46.13244590000001], [32.5227504, 46.0676935], [32.7411037, 46.11436100000001], [33.1050258, 46.1067445], [33.1929164, 46.16289129999999], [33.4071498, 46.0371954], [33.4895473, 46.0410086], [33.5664515, 46.13244590000001], [33.6213832, 46.07150450000001], [33.6103969, 45.9608767], [33.7422328, 45.9341402], [33.6927943, 45.89209979999999], [33.5994105, 45.8806287], [33.1709437, 45.7274542], [32.9237514, 45.63918820000001], [32.4952846, 45.4314076], [32.5062709, 45.3503967], [32.6436, 45.3117793], [32.7369838, 45.37741329999999], [32.9182582, 45.3696956], [33.0940394, 45.2422016], [33.2643275, 45.1415498], [33.3961635, 45.2035104], [33.6103969, 45.04072], [33.5994105, 44.8696795], [33.5389857, 44.8385264], [33.5279994, 44.623893], [33.3961635, 44.576958], [33.4675746, 44.5025668], [33.5939174, 44.4947306], [33.7532191, 44.388839], [34.082809, 44.4163108], [34.2750697, 44.5299851], [34.4783168, 44.7371626], [34.9397426, 44.8307355], [35.0935512, 44.8151506], [35.2858119, 44.9669241], [35.4561, 44.951376], [35.4011683, 45.07952180000001], [35.5824428, 45.1299247], [35.8461146, 45.0018919], [36.0438685, 45.0484825], [36.2416224, 45.0290744], [36.4448695, 45.087279], [36.395431, 45.18028309999999], [36.42839, 45.2770011], [36.4833217, 45.3696956], [36.5767055, 45.3503967], [36.6316371, 45.3967029], [36.4668422, 45.4737956], [36.3130336, 45.4699435], [36.0713344, 45.4468251], [36.0383754, 45.4044169], [35.9449916, 45.37741329999999], [35.857101, 45.4352624], [35.6648402, 45.3079161], [35.4396205, 45.2422016], [35.1869349, 45.3426754], [35.1374965, 45.3117793], [35.0276332, 45.3928455], [35.0990443, 45.45838549999999], [35.0111537, 45.6353474], [34.8573451, 45.7274542], [34.6362453, 45.9518068], [34.8683314, 45.94512280000001], [34.8312526, 46.1129329], [34.8092799, 46.16289129999999], [34.8697048, 46.2384562], [35.0537257, 46.2636214], [35.2188933, 46.3935886], [35.1686137, 46.5007803], [35.1934094, 46.50976059999999], [35.2675032, 46.35413979999999], [35.322308, 46.337593], [35.3798824, 46.3802748], [35.5256043, 46.4718117], [35.6285659, 46.5095129], [35.7050683, 46.5762921], [35.8104091, 46.61566560000001], [35.9147792, 46.6580974], [36.1125331, 46.66281], [36.2724166, 46.6374426], [36.4058052, 46.7276747], [36.6158443, 46.7786103], [36.4356237, 46.8852175], [36.362696, 47.01656890000001], [36.1588856, 47.06989500000001], [36.1900357, 47.17612810000001], [35.6988853, 47.2305816], [35.4988475, 47.33452919999999], [35.2801676, 47.42971900000001], [35.0021983, 47.3570293], [34.6499782, 47.46680349999999], [34.4657806, 47.49874479999999], [34.1728884, 47.4130228], [34.0624394, 47.3501033], [33.8510468, 47.1380033], [33.7079005, 47.008529], [33.6996608, 46.9176179], [33.5973376, 46.8208323], [33.3673243, 46.7541528], [33.2025294, 46.8227936], [33.0163428, 46.7742828], [32.8331141, 46.7612091], [32.8134815, 46.9018604], [32.8557734, 47.07918300000001], [32.7858057, 47.0922951]]]} },

{ "type": "Feature", "properties": { "fid": 5, "Name": null, "description": "Дата: 5-7-03-2022", "No": 2, "id": "p5", "side": "ru" }, "geometry": { "type": "Polygon", "coordinates": [ [[32.6995404, 47.1210616], [32.7085449, 47.14324979999999], [32.6763034, 47.1971694], [32.6487229, 47.28310560000001], [32.4673241, 47.39344629999999], [32.4086542, 47.38357450000001], [32.3829635, 47.4043745], [32.3480497, 47.39438859999999], [32.3043834, 47.37889549999999], [32.249833, 47.37364230000001], [32.2012309, 47.3798297], [32.1148472, 47.44805659999999], [32.087376, 47.4447424], [32.0227781, 47.4436549], [31.9515198, 47.4406802], [31.8430646, 47.42911759999999], [31.8173268, 47.4699559], [31.7699263, 47.4634322], [31.764853, 47.5319953], [31.6134614, 47.5443464], [31.4912835, 47.4844772], [31.3862182, 47.5483133], [31.3575436, 47.5619328], [31.3604678, 47.5384808], [31.4254641, 47.4930783], [31.4778205, 47.4559517], [31.5547833, 47.4640645], [31.6304038, 47.5046231], [31.7190956, 47.5084396], [31.72626500000001, 47.4525568], [31.7976676, 47.4512957], [31.8031237, 47.4060243], [31.9504846, 47.38663690000001], [32.0051434, 47.3189165], [32.0311944, 47.2914457], [32.1149012, 47.2127126], [32.101047, 47.1764241], [32.202433, 47.1802441], [32.2989868, 47.182635], [32.4387842, 47.1826526], [32.6145251, 47.1238858], [32.5186977, 47.0814011], [32.3805286, 47.0618648], [32.4393285, 46.9836461], [32.4630122, 46.9016691], [32.4115566, 46.889112], [32.3354187, 46.9112677], [32.2888547, 46.9339338], [32.2350397, 47.015272], [32.1563993, 47.0197666], [32.1340727, 46.99570469999999], [32.158437, 46.967896], [32.1469283, 46.91179249999999], [32.130207, 46.8752891], [32.0942835, 46.8631848], [31.9698258, 46.7879332], [31.9687144, 46.764926], [32.1927818, 46.7681468], [32.3526976, 46.6532833], [32.4312294, 46.6300627], [32.3215632, 46.5665919], [32.275558, 46.4777689], [32.1602015, 46.4209974], [32.0338588, 46.3679573], [31.7592006, 46.3148657], [31.8031459, 46.2579246], [31.907516, 46.2845045], [32.0628577, 46.231897], [32.2343592, 46.1771568], [32.2288661, 46.13244590000001], [32.5227504, 46.0676935], [32.7411037, 46.11436100000001], [33.1050258, 46.1067445], [33.1929164, 46.16289129999999], [33.4071498, 46.0371954], [33.4895473, 46.0410086], [33.5664515, 46.13244590000001], [33.6213832, 46.07150450000001], [33.6103969, 45.9608767], [33.7422328, 45.9341402], [33.6927943, 45.89209979999999], [33.5994105, 45.8806287], [33.1709437, 45.7274542], [32.9237514, 45.63918820000001], [32.4952846, 45.4314076], [32.5062709, 45.3503967], [32.6436, 45.3117793], [32.7369838, 45.37741329999999], [32.9182582, 45.3696956], [33.0940394, 45.2422016], [33.2643275, 45.1415498], [33.3961635, 45.2035104], [33.6103969, 45.04072], [33.5994105, 44.8696795], [33.5389857, 44.8385264], [33.5279994, 44.623893], [33.3961635, 44.576958], [33.4675746, 44.5025668], [33.5939174, 44.4947306], [33.7532191, 44.388839], [34.082809, 44.4163108], [34.2750697, 44.5299851], [34.4783168, 44.7371626], [34.9397426, 44.8307355], [35.0935512, 44.8151506], [35.2858119, 44.9669241], [35.4561, 44.951376], [35.4011683, 45.07952180000001], [35.5824428, 45.1299247], [35.8461146, 45.0018919], [36.0438685, 45.0484825], [36.2416224, 45.0290744], [36.4448695, 45.087279], [36.395431, 45.18028309999999], [36.42839, 45.2770011], [36.4833217, 45.3696956], [36.5767055, 45.3503967], [36.6316371, 45.3967029], [36.4668422, 45.4737956], [36.3130336, 45.4699435], [36.0713344, 45.4468251], [36.0383754, 45.4044169], [35.9449916, 45.37741329999999], [35.857101, 45.4352624], [35.6648402, 45.3079161], [35.4396205, 45.2422016], [35.1869349, 45.3426754], [35.1374965, 45.3117793], [35.0276332, 45.3928455], [35.0990443, 45.45838549999999], [35.0111537, 45.6353474], [34.8573451, 45.7274542], [34.6362453, 45.9518068], [34.8683314, 45.94512280000001], [34.8312526, 46.1129329], [34.8092799, 46.16289129999999], [34.8697048, 46.2384562], [35.0537257, 46.2636214], [35.2188933, 46.3935886], [35.1686137, 46.5007803], [35.1934094, 46.50976059999999], [35.2675032, 46.35413979999999], [35.322308, 46.337593], [35.3798824, 46.3802748], [35.5256043, 46.4718117], [35.6285659, 46.5095129], [35.7050683, 46.5762921], [35.8104091, 46.61566560000001], [35.9147792, 46.6580974], [36.1125331, 46.66281], [36.2724166, 46.6374426], [36.4058052, 46.7276747], [36.6158443, 46.7786103], [36.4356237, 46.8852175], [36.362696, 47.01656890000001], [36.1588856, 47.06989500000001], [36.1900357, 47.17612810000001], [35.6988853, 47.2305816], [35.4988475, 47.33452919999999], [35.2801676, 47.42971900000001], [35.0021983, 47.3570293], [34.6499782, 47.46680349999999], [34.4657806, 47.49874479999999], [34.1728884, 47.4130228], [34.0624394, 47.3501033], [33.8510468, 47.1380033], [33.7079005, 47.008529], [33.6996608, 46.9176179], [33.5973376, 46.8208323], [33.3673243, 46.7541528], [33.2025294, 46.8227936], [33.0163428, 46.7742828], [32.8331141, 46.7612091], [32.8134815, 46.9018604], [32.8557734, 47.07918300000001], [32.7858057, 47.0922951], [32.6995404, 47.1210616]] ] } },

{ "type": "Feature", "properties": { "fid": 6, "Name": null, "description": null, "No": 6, "id": "p6", "side": "ru" }, "geometry": { "type": "Polygon", "coordinates": [ [[32.7605033, 47.0747898], [32.5863239, 47.25235359999999], [32.4813145, 47.3844976], [32.4344955, 47.375441], [32.3950656, 47.373228], [32.3189532, 47.2766571], [32.0551895, 47.3941007], [32.0345369, 47.4431905], [31.6211003, 47.5244122], [31.4776466, 47.50394899999999], [31.4110232, 47.5612887], [31.3605536, 47.5384808], [31.4482092, 47.4582703], [31.5906642, 47.478177], [31.8420506, 47.4277103], [31.9010015, 47.3465221], [32.0242385, 47.2661418], [32.2515471, 47.1690686], [32.4910147, 47.14910889999999], [32.5064239, 47.1087474], [32.4417258, 47.0548482], [32.1568225, 46.9561344], [32.1652369, 46.9358987], [32.1503076, 46.9175382], [32.1195441, 46.9113069], [32.0847563, 46.9080609], [32.0371749, 46.8475914], [32.0138563, 46.7968596], [32.0723163, 46.766346], [32.2541776, 46.77602029999999], [32.3625753, 46.7373771], [32.3892151, 46.7071831], [32.4313152, 46.6300627], [32.321649, 46.5665919], [32.2756438, 46.4777689], [32.1602873, 46.4209974], [32.0339446, 46.3679573], [31.7592864, 46.3148657], [31.8032317, 46.2579246], [31.9076018, 46.2845045], [32.0629435, 46.231897], [32.234445, 46.1771568], [32.2289519, 46.13244590000001], [32.5228362, 46.0676935], [32.7411895, 46.11436100000001], [33.1051116, 46.1067445], [33.1930022, 46.16289129999999], [33.4072356, 46.0371954], [33.4896331, 46.0410086], [33.5665373, 46.13244590000001], [33.621469, 46.07150450000001], [33.6104827, 45.9608767], [33.7423186, 45.9341402], [33.6928801, 45.89209979999999], [33.5994963, 45.8806287], [33.1710295, 45.7274542], [32.9238372, 45.63918820000001], [32.4953704, 45.4314076], [32.5063567, 45.3503967], [32.6436858, 45.3117793], [32.7370696, 45.37741329999999], [32.918344, 45.3696956], [33.0941252, 45.2422016], [33.2644133, 45.1415498], [33.3962493, 45.2035104], [33.6104827, 45.04072], [33.5994963, 44.8696795], [33.5390715, 44.8385264], [33.5280852, 44.623893], [33.3962493, 44.576958], [33.4676604, 44.5025668], [33.5940032, 44.4947306], [33.7533049, 44.388839], [34.0828948, 44.4163108], [34.2751555, 44.5299851], [34.4784026, 44.7371626], [34.9398284, 44.8307355], [35.093637, 44.8151506], [35.2858977, 44.9669241], [35.4561858, 44.951376], [35.4012541, 45.07952180000001], [35.5825286, 45.1299247], [35.8462004, 45.0018919], [36.0439543, 45.0484825], [36.2417082, 45.0290744], [36.4449553, 45.087279], [36.3955168, 45.18028309999999], [36.4284758, 45.2770011], [36.4834075, 45.3696956], [36.5767913, 45.3503967], [36.6317229, 45.3967029], [36.466928, 45.4737956], [36.3131194, 45.4699435], [36.0714202, 45.4468251], [36.0384612, 45.4044169], [35.9450774, 45.37741329999999], [35.8571868, 45.4352624], [35.664926, 45.3079161], [35.4397063, 45.2422016], [35.1870207, 45.3426754], [35.1375823, 45.3117793], [35.027719, 45.3928455], [35.0991301, 45.45838549999999], [35.0112395, 45.6353474], [34.8574309, 45.7274542], [34.6363311, 45.9518068], [34.8684172, 45.94512280000001], [34.8313384, 46.1129329], [34.8093657, 46.16289129999999], [34.8697906, 46.2384562], [35.0538115, 46.2636214], [35.2189791, 46.3935886], [35.1686995, 46.5007803], [35.1934952, 46.50976059999999], [35.267589, 46.35413979999999], [35.3223938, 46.337593], [35.3799682, 46.3802748], [35.5256901, 46.4718117], [35.6286517, 46.5095129], [35.7051541, 46.5762921], [35.8104949, 46.61566560000001], [35.914865, 46.6580974], [36.1126189, 46.66281], [36.2725024, 46.6374426], [36.405891, 46.7276747], [36.6159301, 46.7786103], [36.4357095, 46.8852175], [36.3627818, 47.01656890000001], [36.1589714, 47.06989500000001], [36.1901215, 47.17612810000001], [35.6989711, 47.2305816], [35.2970595, 47.4841597], [35.0921125, 47.4547966], [34.9487258, 47.3765621], [34.640451, 47.5345307], [34.4658664, 47.49874479999999], [34.1729742, 47.4130228], [34.0625252, 47.3501033], [33.8511326, 47.1380033], [33.7079863, 47.008529], [33.6997466, 46.9176179], [33.5974234, 46.8208323], [33.5377368, 46.9000172], [33.7772211, 47.1637969], [33.7145129, 47.1911818], [33.5683433, 47.0226175], [33.4120421, 46.8730431], [33.2979307, 47.08739430000001], [33.1623965, 47.2249083], [33.1061556, 47.1794026], [33.2392193, 47.0682918], [33.305612, 46.841584], [33.0164286, 46.7742828], [32.8331999, 46.7612091], [32.7655021, 46.8450631], [32.7115357, 46.9757208], [32.7605033, 47.0747898]] ] } },
{ "type": "Feature", "properties": { "fid": 7, "Name": null, "description": null, "No": 6, "id": "p7", "side": "ru" }, "geometry": { "type": "Polygon", "coordinates": [ [[32.7605005, 47.0750217], [32.5863203, 47.2525855], [32.4778772, 47.3633393], [32.4214449, 47.3575352], [32.3703419, 47.3553214], [32.3196351, 47.3132137], [32.2604915, 47.3529469], [32.0345309, 47.44342230000001], [31.623839, 47.5204708], [31.4652785, 47.48283909999999], [31.4110144, 47.5615205], [31.3605446, 47.5387126], [31.4482006, 47.45850209999999], [31.5906562, 47.4784088], [31.8420437, 47.4279421], [31.9009949, 47.3467539], [32.0242325, 47.2663736], [32.2515421, 47.16930049999999], [32.2281739, 47.084544], [32.1837808, 47.0189207], [32.1568171, 46.9563662], [32.1652315, 46.9361305], [32.1486089, 46.8984408], [32.1772453, 46.8586236], [32.213665, 46.83703249999999], [32.315053, 46.6258966], [32.3216444, 46.5668238], [32.275639, 46.4780008], [32.160282, 46.4212292], [32.0339388, 46.3681891], [31.7592794, 46.31509749999999], [31.8032249, 46.2581564], [31.9075955, 46.2847363], [32.0629378, 46.23212880000001], [32.2344401, 46.1773887], [32.228947, 46.13267780000001], [32.5228325, 46.06792540000001], [32.7411867, 46.1145929], [33.1051104, 46.1069764], [33.1930013, 46.16312319999999], [33.4072356, 46.0374273], [33.4896335, 46.0412405], [33.566538, 46.13267780000001], [33.6214699, 46.0717364], [33.6104836, 45.9611086], [33.74232, 45.9343721], [33.6928813, 45.89233169999999], [33.5994971, 45.88086060000001], [33.1710285, 45.7276861], [32.9238352, 45.63942010000001], [32.4953667, 45.4316395], [32.506353, 45.3506286], [32.6436827, 45.3120112], [32.7370669, 45.3776452], [32.918342, 45.3699275], [33.0941239, 45.24243349999999], [33.2644127, 45.1417817], [33.3962493, 45.2037423], [33.6104835, 45.0409519], [33.5994971, 44.8699114], [33.5390721, 44.8387583], [33.5280857, 44.6241249], [33.3962493, 44.5771899], [33.4676607, 44.5027987], [33.594004, 44.4949625], [33.7533063, 44.3890709], [34.0828975, 44.4165427], [34.275159, 44.530217], [34.4784069, 44.7373945], [34.9398346, 44.8309673], [35.0936438, 44.8153824], [35.2859053, 44.9671559], [35.4561941, 44.9516078], [35.4012622, 45.0797536], [35.5825375, 45.13015639999999], [35.8462103, 45.0021236], [36.043965, 45.04871419999999], [36.2417197, 45.029306], [36.4449677, 45.0875106], [36.395529, 45.1805147], [36.4284882, 45.27723269999999], [36.4834201, 45.3699272], [36.5768043, 45.3506282], [36.6317362, 45.3969344], [36.4669406, 45.4740272], [36.3131314, 45.4701751], [36.0714312, 45.44705679999999], [36.038472, 45.40464859999999], [35.9450878, 45.377645], [35.8571969, 45.4354941], [35.6649353, 45.3081478], [35.4397146, 45.2424334], [35.187028, 45.34290719999999], [35.1375894, 45.31201109999999], [35.0277257, 45.39307729999999], [35.0991371, 45.4586173], [35.0112462, 45.6355792], [34.8574369, 45.727686], [34.6363363, 45.95203859999999], [34.8684233, 45.9453546], [34.8313444, 46.1131647], [34.8093716, 46.1631231], [34.8697968, 46.23868800000001], [35.0538185, 46.2638532], [35.2189868, 46.39382040000001], [35.168707, 46.50101209999999], [35.1935028, 46.5099924], [35.2675969, 46.3543716], [35.3224019, 46.33782480000001], [35.3799766, 46.3805066], [35.5256992, 46.4720434], [35.6286612, 46.5097446], [35.705164, 46.5765238], [35.8105052, 46.6158973], [35.9148758, 46.6583291], [36.1126305, 46.6630416], [36.2725147, 46.6376742], [36.4059039, 46.7279063], [36.6159439, 46.7788418], [36.4357226, 46.88544910000001], [36.3627947, 47.0168005], [36.1589834, 47.0701266], [36.1901337, 47.1763597], [35.6989812, 47.23081329999999], [35.2970679, 47.48439150000001], [35.09212, 47.45502840000001], [34.9487326, 47.3767939], [34.6404565, 47.53476250000001], [34.4658711, 47.49897669999999], [34.1729776, 47.4132547], [34.0625281, 47.3503352], [33.8511346, 47.1382352], [33.7079876, 47.00876090000001], [33.6997479, 46.9178498], [33.5974242, 46.8210642], [33.5377374, 46.9002491], [33.9694843, 47.3076251], [33.9580513, 47.43403860000001], [33.8609837, 47.4284078], [33.8696969, 47.3158531], [33.568344, 47.02284940000001], [33.4120421, 46.873275], [33.2979303, 47.08762620000001], [33.2257894, 47.209236], [33.2262537, 47.3532221], [33.4356311, 47.42686560000001], [33.3947762, 47.4561567], [33.5555293, 47.4864304], [33.5750803, 47.5637504], [33.5301769, 47.56349010000001], [33.5116895, 47.50270669999999], [33.3714363, 47.47548749999999], [33.2976013, 47.53744180000001], [33.2361549, 47.5304157], [33.3298402, 47.4273575], [33.1507865, 47.361342], [33.1683453, 47.1967484], [33.2392186, 47.06852370000001], [33.3056116, 46.8418159], [33.0164269, 46.7745147], [32.8331975, 46.76144099999999], [32.7654994, 46.84529500000001], [32.7115327, 46.9759527], [32.7605005, 47.0750217]]] } },
{ "type": "Feature", "properties": { "fid": 8, "Name": null, "description": null, "No": 6, "id": "p8", "side": "ru" }, "geometry": { "type": "Polygon", "coordinates": [[[32.3572633, 46.976899], [32.3060337, 46.78877330000001], [32.1837808, 46.736836], [32.3648407, 46.7021085], [32.3216444, 46.5668238], [32.275639, 46.4780008], [32.160282, 46.4212292], [32.0339388, 46.3681891], [31.7592794, 46.31509749999999], [31.8032249, 46.2581564], [31.9075955, 46.2847363], [32.0629378, 46.23212880000001], [32.2344401, 46.1773887], [32.228947, 46.13267780000001], [32.5228325, 46.06792540000001], [32.7411867, 46.1145929], [33.1051104, 46.1069764], [33.1930013, 46.16312319999999], [33.4072356, 46.0374273], [33.4896335, 46.0412405], [33.566538, 46.13267780000001], [33.6214699, 46.0717364], [33.6104836, 45.9611086], [33.74232, 45.9343721], [33.6928813, 45.89233169999999], [33.5994971, 45.88086060000001], [33.1710285, 45.7276861], [32.9238352, 45.63942010000001], [32.4953667, 45.4316395], [32.506353, 45.3506286], [32.6436827, 45.3120112], [32.7370669, 45.3776452], [32.918342, 45.3699275], [33.0941239, 45.24243349999999], [33.2644127, 45.1417817], [33.3962493, 45.2037423], [33.6104835, 45.0409519], [33.5994971, 44.8699114], [33.5390721, 44.8387583], [33.5280857, 44.6241249], [33.3962493, 44.5771899], [33.4676607, 44.5027987], [33.594004, 44.4949625], [33.7533063, 44.3890709], [34.0828975, 44.4165427], [34.275159, 44.530217], [34.4784069, 44.7373945], [34.9398346, 44.8309673], [35.0936438, 44.8153824], [35.2859053, 44.9671559], [35.4561941, 44.9516078], [35.4012622, 45.0797536], [35.5825375, 45.13015639999999], [35.8462103, 45.0021236], [36.043965, 45.04871419999999], [36.2417197, 45.029306], [36.4449677, 45.0875106], [36.395529, 45.1805147], [36.4284882, 45.27723269999999], [36.4834201, 45.3699272], [36.5768043, 45.3506282], [36.6317362, 45.3969344], [36.4669406, 45.4740272], [36.3131314, 45.4701751], [36.0714312, 45.44705679999999], [36.038472, 45.40464859999999], [35.9450878, 45.377645], [35.8571969, 45.4354941], [35.6649353, 45.3081478], [35.4397146, 45.2424334], [35.187028, 45.34290719999999], [35.1375894, 45.31201109999999], [35.0277257, 45.39307729999999], [35.0991371, 45.4586173], [35.0112462, 45.6355792], [34.8574369, 45.727686], [34.6363363, 45.95203859999999], [34.8684233, 45.9453546], [34.8313444, 46.1131647], [34.8093716, 46.1631231], [34.8697968, 46.23868800000001], [35.0538185, 46.2638532], [35.2189868, 46.39382040000001], [35.168707, 46.50101209999999], [35.1935028, 46.5099924], [35.2675969, 46.3543716], [35.3224019, 46.33782480000001], [35.3799766, 46.3805066], [35.5256992, 46.4720434], [35.6286612, 46.5097446], [35.705164, 46.5765238], [35.8105052, 46.6158973], [35.9148758, 46.6583291], [36.1126305, 46.6630416], [36.2725147, 46.6376742], [36.4059039, 46.7279063], [36.6159439, 46.7788418], [36.4357226, 46.88544910000001], [36.3627947, 47.0168005], [36.1589834, 47.0701266], [36.1901337, 47.1763597], [35.6989812, 47.23081329999999], [35.2970679, 47.48439150000001], [35.09212, 47.45502840000001], [34.9487326, 47.3767939], [34.6404565, 47.53476250000001], [34.4658711, 47.49897669999999], [34.1729776, 47.4132547], [34.0625281, 47.3503352], [33.8511346, 47.1382352], [33.7079876, 47.00876090000001], [33.6997479, 46.9178498], [33.5974242, 46.8210642], [33.5377374, 46.9002491], [33.9694843, 47.3076251], [33.9525581, 47.43218070000001], [33.8705967, 47.4316594], [33.8696969, 47.3158531], [33.568344, 47.02284940000001], [33.4120421, 46.873275], [33.2979303, 47.08762620000001], [33.2257894, 47.209236], [33.2262537, 47.3532221], [33.4356311, 47.42686560000001], [33.3947762, 47.4561567], [33.5555293, 47.4864304], [33.5750803, 47.5637504], [33.5301769, 47.56349010000001], [33.5116895, 47.50270669999999], [33.3714363, 47.47548749999999], [33.2969147, 47.54439469999999], [33.2409614, 47.5271702], [33.3298402, 47.4273575], [33.2782252, 47.4063456], [33.2470756, 47.4131309], [33.2234345, 47.4919071], [33.2003591, 47.4894628], [33.2216133, 47.4126782], [33.2054396, 47.3888644], [33.1507865, 47.361342], [33.1414524, 47.20953899999999], [32.9335125, 47.1211112], [32.9690369, 47.0875047], [33.1818516, 47.1584554], [33.2392186, 47.06852370000001], [33.3056116, 46.8418159], [33.0164269, 46.7745147], [32.8331975, 46.76144099999999], [32.7654994, 46.84529500000001], [32.7115327, 46.9759527], [32.3572633, 46.976899]] ] } },
{ "type": "Feature", "properties": { "fid": 9, "Name": null, "description": null, "No": 6, "id": "p9", "side": "ru" }, "geometry": { "type": "Polygon", "coordinates": [[[32.1540405, 46.74164919999999], [32.2160219, 46.65106350000001], [32.0769408, 46.6094649], [32.1361693, 46.5561117], [32.3216444, 46.5668238], [32.275639, 46.4780008], [31.5478108, 46.56058830000001], [31.5137936, 46.55829249999999], [31.6727637, 46.4482029], [32.0296245, 46.41843860000001], [32.0339388, 46.3681891], [31.7592794, 46.31509749999999], [31.8032249, 46.2581564], [31.9075955, 46.2847363], [32.0629378, 46.23212880000001], [32.2344401, 46.1773887], [32.228947, 46.13267780000001], [32.5228325, 46.06792540000001], [32.7411867, 46.1145929], [33.1051104, 46.1069764], [33.1930013, 46.16312319999999], [33.4072356, 46.0374273], [33.4896335, 46.0412405], [33.566538, 46.13267780000001], [33.6214699, 46.0717364], [33.6104836, 45.9611086], [33.74232, 45.9343721], [33.6928813, 45.89233169999999], [33.5994971, 45.88086060000001], [33.1710285, 45.7276861], [32.9238352, 45.63942010000001], [32.4953667, 45.4316395], [32.506353, 45.3506286], [32.6436827, 45.3120112], [32.7370669, 45.3776452], [32.918342, 45.3699275], [33.0941239, 45.24243349999999], [33.2644127, 45.1417817], [33.3962493, 45.2037423], [33.6104835, 45.0409519], [33.5994971, 44.8699114], [33.5390721, 44.8387583], [33.5280857, 44.6241249], [33.3962493, 44.5771899], [33.4676607, 44.5027987], [33.594004, 44.4949625], [33.7533063, 44.3890709], [34.0828975, 44.4165427], [34.275159, 44.530217], [34.4784069, 44.7373945], [34.9398346, 44.8309673], [35.0936438, 44.8153824], [35.2859053, 44.9671559], [35.4561941, 44.9516078], [35.4012622, 45.0797536], [35.5825375, 45.13015639999999], [35.8462103, 45.0021236], [36.043965, 45.04871419999999], [36.2417197, 45.029306], [36.4449677, 45.0875106], [36.395529, 45.1805147], [36.4284882, 45.27723269999999], [36.4834201, 45.3699272], [36.5768043, 45.3506282], [36.6317362, 45.3969344], [36.4669406, 45.4740272], [36.3131314, 45.4701751], [36.0714312, 45.44705679999999], [36.038472, 45.40464859999999], [35.9450878, 45.377645], [35.8571969, 45.4354941], [35.6649353, 45.3081478], [35.4397146, 45.2424334], [35.187028, 45.34290719999999], [35.1375894, 45.31201109999999], [35.0277257, 45.39307729999999], [35.0991371, 45.4586173], [35.0112462, 45.6355792], [34.8574369, 45.727686], [34.6363363, 45.95203859999999], [34.8684233, 45.9453546], [34.8313444, 46.1131647], [34.8093716, 46.1631231], [34.8697968, 46.23868800000001], [35.0538185, 46.2638532], [35.2189868, 46.39382040000001], [35.168707, 46.50101209999999], [35.1935028, 46.5099924], [35.2675969, 46.3543716], [35.3224019, 46.33782480000001], [35.3799766, 46.3805066], [35.5256992, 46.4720434], [35.6286612, 46.5097446], [35.705164, 46.5765238], [35.8105052, 46.6158973], [35.9148758, 46.6583291], [36.1126305, 46.6630416], [36.2725147, 46.6376742], [36.4059039, 46.7279063], [37.8162002, 47.09577649999999], [38.2120535, 47.0860252], [38.376413, 47.63550040000001], [38.6543035, 47.6395382], [38.8357691, 47.8661095], [39.7500999, 47.8275809], [39.8854823, 48.0544254], [40.0127813, 48.2470685], [39.8676446, 48.48009950000001], [39.7101944, 48.7378859], [39.8130861, 48.8443588], [39.6896156, 49.0560909], [40.2138648, 49.2654771], [39.9803623, 49.5693239], [39.1733995, 49.8847499], [38.5513356, 50.0243192], [38.237574, 50.0097209], [38.0594324, 49.91464420000001], [37.7526622, 50.0984609], [37.4459116, 50.4392229], [37.1685874, 50.3565352], [36.8140512, 50.3131021], [36.3912936, 50.2778219], [36.0886468, 50.40976820000001], [36.1822379, 50.23563669999999], [36.4440533, 50.08579289999999], [37.4673844, 50.0301191], [37.9856493, 49.5958654], [38.3678941, 48.9495264], [37.5130432, 48.0239317], [37.3161567, 47.6285104], [35.2970679, 47.48439150000001], [35.09212, 47.45502840000001], [34.9487326, 47.3767939], [34.6404565, 47.53476250000001], [34.4658711, 47.49897669999999], [34.1729776, 47.4132547], [34.0625281, 47.3503352], [33.8511346, 47.1382352], [33.7079876, 47.00876090000001], [33.6997479, 46.9178498], [33.5974242, 46.8210642], [33.5377374, 46.9002491], [33.9694843, 47.3076251], [33.9525581, 47.43218070000001], [33.8705967, 47.4316594], [33.638984, 47.42420690000001], [33.5726313, 47.5090862], [33.4571813, 47.48219349999999], [33.3832277, 47.4402616], [33.3464781, 47.3588475], [33.3032775, 47.3711913], [33.2861546, 47.3430588], [33.3017969, 47.3202602], [33.2638778, 47.2858103], [33.2313807, 47.2901559], [33.2078144, 47.27772659999999], [33.184058, 47.24563820000001], [33.1400405, 47.2378915], [33.1668276, 47.201762], [33.0648016, 47.1612343], [33.0057307, 47.1853282], [33.0005297, 47.1353442], [32.9673833, 47.1142849], [32.8884064, 47.08556039999999], [32.7791656, 47.0963269], [32.6504039, 47.0587657], [32.6056331, 46.9955231], [32.4518584, 46.96571180000001], [32.3594145, 46.8526174], [32.3147821, 46.7816638], [32.1540405, 46.74164919999999]]] } },
{ "type": "Feature", "properties": { "fid": 10, "Name": null, "description": null, "No": 6, "id": "p10", "side": "ru" }, "geometry": { "type": "Polygon", "coordinates": [[[32.9642638, 46.7342976], [32.3216444, 46.5668238], [32.275639, 46.4780008], [31.5478108, 46.56058830000001], [31.5137936, 46.55829249999999], [31.6727637, 46.4482029], [32.0296245, 46.41843860000001], [32.0339388, 46.3681891], [31.7592794, 46.31509749999999], [31.8032249, 46.2581564], [31.9075955, 46.2847363], [32.0629378, 46.23212880000001], [32.2344401, 46.1773887], [32.228947, 46.13267780000001], [32.5228325, 46.06792540000001], [32.7411867, 46.1145929], [33.1051104, 46.1069764], [33.1930013, 46.16312319999999], [33.4072356, 46.0374273], [33.4896335, 46.0412405], [33.566538, 46.13267780000001], [33.6214699, 46.0717364], [33.6104836, 45.9611086], [33.74232, 45.9343721], [33.6928813, 45.89233169999999], [33.5994971, 45.88086060000001], [33.1710285, 45.7276861], [32.9238352, 45.63942010000001], [32.4953667, 45.4316395], [32.506353, 45.3506286], [32.6436827, 45.3120112], [32.7370669, 45.3776452], [32.918342, 45.3699275], [33.0941239, 45.24243349999999], [33.2644127, 45.1417817], [33.3962493, 45.2037423], [33.6104835, 45.0409519], [33.5994971, 44.8699114], [33.5390721, 44.8387583], [33.5280857, 44.6241249], [33.3962493, 44.5771899], [33.4676607, 44.5027987], [33.594004, 44.4949625], [33.7533063, 44.3890709], [34.0828975, 44.4165427], [34.275159, 44.530217], [34.4784069, 44.7373945], [34.9398346, 44.8309673], [35.0936438, 44.8153824], [35.2859053, 44.9671559], [35.4561941, 44.9516078], [35.4012622, 45.0797536], [35.5825375, 45.13015639999999], [35.8462103, 45.0021236], [36.043965, 45.04871419999999], [36.2417197, 45.029306], [36.4449677, 45.0875106], [36.395529, 45.1805147], [36.4284882, 45.27723269999999], [36.4834201, 45.3699272], [36.5768043, 45.3506282], [36.6317362, 45.3969344], [36.4669406, 45.4740272], [36.3131314, 45.4701751], [36.0714312, 45.44705679999999], [36.038472, 45.40464859999999], [35.9450878, 45.377645], [35.8571969, 45.4354941], [35.6649353, 45.3081478], [35.4397146, 45.2424334], [35.187028, 45.34290719999999], [35.1375894, 45.31201109999999], [35.0277257, 45.39307729999999], [35.0991371, 45.4586173], [35.0112462, 45.6355792], [34.8574369, 45.727686], [34.6363363, 45.95203859999999], [34.8684233, 45.9453546], [34.8313444, 46.1131647], [34.8093716, 46.1631231], [34.8697968, 46.23868800000001], [35.0538185, 46.2638532], [35.2189868, 46.39382040000001], [35.168707, 46.50101209999999], [35.1935028, 46.5099924], [35.2675969, 46.3543716], [35.3224019, 46.33782480000001], [35.3799766, 46.3805066], [35.5256992, 46.4720434], [35.6286612, 46.5097446], [35.705164, 46.5765238], [35.8105052, 46.6158973], [35.9148758, 46.6583291], [36.1126305, 46.6630416], [36.2725147, 46.6376742], [36.4059039, 46.7279063], [37.8162002, 47.09577649999999], [38.2120535, 47.0860252], [38.376413, 47.63550040000001], [38.6543035, 47.6395382], [38.8357691, 47.8661095], [39.7500999, 47.8275809], [39.8854823, 48.0544254], [40.0127813, 48.2470685], [39.8676446, 48.48009950000001], [39.7101944, 48.7378859], [39.8130861, 48.8443588], [39.6896156, 49.0560909], [40.2138648, 49.2654771], [39.9803623, 49.5693239], [39.1733995, 49.8847499], [38.5513356, 50.0243192], [38.237574, 50.0097209], [38.0594324, 49.91464420000001], [37.9856493, 49.5958654], [38.3678941, 48.9495264], [37.5130432, 48.0239317], [37.3161567, 47.6285104], [35.2970679, 47.48439150000001], [35.09212, 47.45502840000001], [34.9487326, 47.3767939], [34.6404565, 47.53476250000001], [34.4658711, 47.49897669999999], [34.1729776, 47.4132547], [34.0625281, 47.3503352], [33.8511346, 47.1382352], [33.7079876, 47.00876090000001], [33.6997479, 46.9178498], [33.5974242, 46.8210642], [32.9642638, 46.7342976]]] } },
{ "type": "Feature", "properties": { "fid": 11, "Name": null, "description": "18-03-2022", "No": 6, "id": "p11", "side": "ru" }, "geometry": { "type": "Polygon", "coordinates": [[[32.3847291, 46.99563550000001], [32.3412528, 46.8762671], [32.3060337, 46.78877330000001], [32.1837808, 46.736836], [32.2302582, 46.6285988], [32.3216444, 46.5668238], [32.275639, 46.4780008], [32.160282, 46.4212292], [32.0339388, 46.3681891], [31.7592794, 46.31509749999999], [31.8032249, 46.2581564], [31.9075955, 46.2847363], [32.0629378, 46.23212880000001], [32.2344401, 46.1773887], [32.228947, 46.13267780000001], [32.5228325, 46.06792540000001], [32.7411867, 46.1145929], [33.1051104, 46.1069764], [33.1930013, 46.16312319999999], [33.4072356, 46.0374273], [33.4896335, 46.0412405], [33.566538, 46.13267780000001], [33.6214699, 46.0717364], [33.6104836, 45.9611086], [33.74232, 45.9343721], [33.6928813, 45.89233169999999], [33.5994971, 45.88086060000001], [33.1710285, 45.7276861], [32.9238352, 45.63942010000001], [32.4953667, 45.4316395], [32.506353, 45.3506286], [32.6436827, 45.3120112], [32.7370669, 45.3776452], [32.918342, 45.3699275], [33.0941239, 45.24243349999999], [33.2644127, 45.1417817], [33.3962493, 45.2037423], [33.6104835, 45.0409519], [33.5994971, 44.8699114], [33.5390721, 44.8387583], [33.5280857, 44.6241249], [33.3962493, 44.5771899], [33.4676607, 44.5027987], [33.594004, 44.4949625], [33.7533063, 44.3890709], [34.0828975, 44.4165427], [34.275159, 44.530217], [34.4784069, 44.7373945], [34.9398346, 44.8309673], [35.0936438, 44.8153824], [35.2859053, 44.9671559], [35.4561941, 44.9516078], [35.4012622, 45.0797536], [35.5825375, 45.13015639999999], [35.8462103, 45.0021236], [36.043965, 45.04871419999999], [36.2417197, 45.029306], [36.4449677, 45.0875106], [36.395529, 45.1805147], [36.4284882, 45.27723269999999], [36.4834201, 45.3699272], [36.5768043, 45.3506282], [36.6317362, 45.3969344], [36.4669406, 45.4740272], [36.3131314, 45.4701751], [36.0714312, 45.44705679999999], [36.038472, 45.40464859999999], [35.9450878, 45.377645], [35.8571969, 45.4354941], [35.6649353, 45.3081478], [35.4397146, 45.2424334], [35.187028, 45.34290719999999], [35.1375894, 45.31201109999999], [35.0277257, 45.39307729999999], [35.0991371, 45.4586173], [35.0112462, 45.6355792], [34.8574369, 45.727686], [34.6363363, 45.95203859999999], [34.8684233, 45.9453546], [34.8313444, 46.1131647], [34.8093716, 46.1631231], [34.8697968, 46.23868800000001], [35.0538185, 46.2638532], [35.2189868, 46.39382040000001], [35.168707, 46.50101209999999], [35.1935028, 46.5099924], [35.2675969, 46.3543716], [35.3224019, 46.33782480000001], [35.3799766, 46.3805066], [35.5256992, 46.4720434], [35.6286612, 46.5097446], [35.705164, 46.5765238], [35.8105052, 46.6158973], [35.9148758, 46.6583291], [36.1126305, 46.6630416], [36.2725147, 46.6376742], [36.4059039, 46.7279063], [36.6159439, 46.7788418], [36.4357226, 46.88544910000001], [36.3627947, 47.0168005], [36.1589834, 47.0701266], [36.1901337, 47.1763597], [35.6989812, 47.23081329999999], [35.2970679, 47.48439150000001], [35.09212, 47.45502840000001], [34.9487326, 47.3767939], [34.6404565, 47.53476250000001], [34.4658711, 47.49897669999999], [34.1729776, 47.4132547], [34.0625281, 47.3503352], [33.8511346, 47.1382352], [33.7079876, 47.00876090000001], [33.6997479, 46.9178498], [33.5974242, 46.8210642], [33.5377374, 46.9002491], [33.9694843, 47.3076251], [33.9525581, 47.43218070000001], [33.8705967, 47.4316594], [33.8696969, 47.3158531], [33.568344, 47.02284940000001], [33.4120421, 46.873275], [33.2979303, 47.08762620000001], [33.2257894, 47.209236], [33.2262537, 47.3532221], [33.4356311, 47.42686560000001], [33.3947762, 47.4561567], [33.5555293, 47.4864304], [33.5750803, 47.5637504], [33.5301769, 47.56349010000001], [33.5116895, 47.50270669999999], [33.3714363, 47.47548749999999], [33.2969147, 47.54439469999999], [33.2409614, 47.5271702], [33.3298402, 47.4273575], [33.2782252, 47.4063456], [33.2470756, 47.4131309], [33.2234345, 47.4919071], [33.2003591, 47.4894628], [33.2216133, 47.4126782], [33.2054396, 47.3888644], [33.1507865, 47.361342], [33.1414524, 47.20953899999999], [33.1818516, 47.1584554], [33.2392186, 47.06852370000001], [33.3056116, 46.8418159], [33.0164269, 46.7745147], [32.8331975, 46.76144099999999], [32.7654994, 46.84529500000001], [32.6936799, 47.03120730000001], [32.8532728, 47.06481950000001], [32.9957971, 47.0830696], [32.9818374, 47.1237243], [32.7487848, 47.0970902], [32.7011162, 47.1395511], [32.624531, 47.2825802], [32.3949243, 47.36949760000001], [32.2419171, 47.3667706], [32.2572677, 47.1933581], [32.3053239, 47.0963843], [32.3847291, 46.99563550000001]]] } },
{ "type": "Feature", "properties": { "fid": 12, "Name": null, "description": "19-03-2022", "No": 6, "id": "p12", "side": "ru" }, "geometry": { "type": "Polygon", "coordinates": [[[32.3613832, 46.97127679999999], [32.3412528, 46.8762671], [32.3060337, 46.78877330000001], [32.1837808, 46.736836], [32.2302582, 46.6285988], [32.3216444, 46.5668238], [32.275639, 46.4780008], [32.160282, 46.4212292], [32.0339388, 46.3681891], [31.7592794, 46.31509749999999], [31.8032249, 46.2581564], [31.9075955, 46.2847363], [32.0629378, 46.23212880000001], [32.2344401, 46.1773887], [32.228947, 46.13267780000001], [32.5228325, 46.06792540000001], [32.7411867, 46.1145929], [33.1051104, 46.1069764], [33.1930013, 46.16312319999999], [33.4072356, 46.0374273], [33.4896335, 46.0412405], [33.566538, 46.13267780000001], [33.6214699, 46.0717364], [33.6104836, 45.9611086], [33.74232, 45.9343721], [33.6928813, 45.89233169999999], [33.5994971, 45.88086060000001], [33.1710285, 45.7276861], [32.9238352, 45.63942010000001], [32.4953667, 45.4316395], [32.506353, 45.3506286], [32.6436827, 45.3120112], [32.7370669, 45.3776452], [32.918342, 45.3699275], [33.0941239, 45.24243349999999], [33.2644127, 45.1417817], [33.3962493, 45.2037423], [33.6104835, 45.0409519], [33.5994971, 44.8699114], [33.5390721, 44.8387583], [33.5280857, 44.6241249], [33.3962493, 44.5771899], [33.4676607, 44.5027987], [33.594004, 44.4949625], [33.7533063, 44.3890709], [34.0828975, 44.4165427], [34.275159, 44.530217], [34.4784069, 44.7373945], [34.9398346, 44.8309673], [35.0936438, 44.8153824], [35.2859053, 44.9671559], [35.4561941, 44.9516078], [35.4012622, 45.0797536], [35.5825375, 45.13015639999999], [35.8462103, 45.0021236], [36.043965, 45.04871419999999], [36.2417197, 45.029306], [36.4449677, 45.0875106], [36.395529, 45.1805147], [36.4284882, 45.27723269999999], [36.4834201, 45.3699272], [36.5768043, 45.3506282], [36.6317362, 45.3969344], [36.4669406, 45.4740272], [36.3131314, 45.4701751], [36.0714312, 45.44705679999999], [36.038472, 45.40464859999999], [35.9450878, 45.377645], [35.8571969, 45.4354941], [35.6649353, 45.3081478], [35.4397146, 45.2424334], [35.187028, 45.34290719999999], [35.1375894, 45.31201109999999], [35.0277257, 45.39307729999999], [35.0991371, 45.4586173], [35.0112462, 45.6355792], [34.8574369, 45.727686], [34.6363363, 45.95203859999999], [34.8684233, 45.9453546], [34.8313444, 46.1131647], [34.8093716, 46.1631231], [34.8697968, 46.23868800000001], [35.0538185, 46.2638532], [35.2189868, 46.39382040000001], [35.168707, 46.50101209999999], [35.1935028, 46.5099924], [35.2675969, 46.3543716], [35.3224019, 46.33782480000001], [35.3799766, 46.3805066], [35.5256992, 46.4720434], [35.6286612, 46.5097446], [35.705164, 46.5765238], [35.8105052, 46.6158973], [35.9148758, 46.6583291], [36.1126305, 46.6630416], [36.2725147, 46.6376742], [36.4059039, 46.7279063], [36.6159439, 46.7788418], [36.4357226, 46.88544910000001], [36.3627947, 47.0168005], [36.1589834, 47.0701266], [36.1901337, 47.1763597], [35.6989812, 47.23081329999999], [35.2970679, 47.48439150000001], [35.09212, 47.45502840000001], [34.9487326, 47.3767939], [34.6404565, 47.53476250000001], [34.4658711, 47.49897669999999], [34.1729776, 47.4132547], [34.0625281, 47.3503352], [33.8511346, 47.1382352], [33.7079876, 47.00876090000001], [33.6997479, 46.9178498], [33.5974242, 46.8210642], [33.5377374, 46.9002491], [33.9694843, 47.3076251], [33.9525581, 47.43218070000001], [33.8705967, 47.4316594], [33.8696969, 47.3158531], [33.568344, 47.02284940000001], [33.4120421, 46.873275], [33.2979303, 47.08762620000001], [33.2257894, 47.209236], [33.2262537, 47.3532221], [33.4356311, 47.42686560000001], [33.3947762, 47.4561567], [33.5555293, 47.4864304], [33.5750803, 47.5637504], [33.5301769, 47.56349010000001], [33.5116895, 47.50270669999999], [33.3714363, 47.47548749999999], [33.2969147, 47.54439469999999], [33.2409614, 47.5271702], [33.3298402, 47.4273575], [33.2782252, 47.4063456], [33.2470756, 47.4131309], [33.2234345, 47.4919071], [33.2003591, 47.4894628], [33.2216133, 47.4126782], [33.2054396, 47.3888644], [33.1507865, 47.361342], [33.1414524, 47.20953899999999], [33.1818516, 47.1584554], [33.2392186, 47.06852370000001], [33.3056116, 46.8418159], [33.0164269, 46.7745147], [32.8331975, 46.76144099999999], [32.7654994, 46.84529500000001], [32.6936799, 47.03120730000001], [32.7830642, 47.0424264], [32.8766187, 47.05827099999999], [32.9957971, 47.0830696], [32.9735977, 47.1340018], [32.859779, 47.1099934], [32.7487848, 47.0970902], [32.7011162, 47.1395511], [32.624531, 47.2825802], [32.3949243, 47.36949760000001], [32.2419171, 47.3667706], [32.2684668, 47.2670181], [32.2318618, 47.1914917], [32.2706749, 47.16098970000001], [32.2874711, 47.1071345], [32.3605743, 47.1017059], [32.3693115, 47.0756166], [32.3633761, 47.0550866], [32.3876494, 47.05326659999999], [32.3876088, 47.0395664], [32.4397683, 47.0441798], [32.4720191, 47.0412992], [32.4774556, 46.9976358], [32.3613832, 46.97127679999999]]] } },
{ "type": "Feature", "properties": { "fid": 13, "Name": null, "description": "10-04-2022", "No": 6, "id": "p13", "side": "ru" }, "geometry": { "type": "Polygon", "coordinates": [[[32.7173344, 46.8310692], [32.4028289, 46.8182495], [32.3427015, 46.7393207], [32.1837808, 46.736836], [32.137203, 46.6081911], [32.1428635, 46.5964646], [32.1267438, 46.5881141], [32.1390797, 46.5629262], [32.2467377, 46.6059603], [32.3216444, 46.5668238], [32.275639, 46.4780008], [32.160282, 46.4212292], [32.0339388, 46.3681891], [31.7592794, 46.31509749999999], [31.8032249, 46.2581564], [31.9075955, 46.2847363], [32.0629378, 46.23212880000001], [32.2344401, 46.1773887], [32.228947, 46.13267780000001], [32.5228325, 46.06792540000001], [32.7411867, 46.1145929], [33.1051104, 46.1069764], [33.1930013, 46.16312319999999], [33.4072356, 46.0374273], [33.4896335, 46.0412405], [33.566538, 46.13267780000001], [33.6214699, 46.0717364], [33.6104836, 45.9611086], [33.74232, 45.9343721], [33.6928813, 45.89233169999999], [33.5994971, 45.88086060000001], [33.1710285, 45.7276861], [32.9238352, 45.63942010000001], [32.4953667, 45.4316395], [32.506353, 45.3506286], [32.6436827, 45.3120112], [32.7370669, 45.3776452], [32.918342, 45.3699275], [33.0941239, 45.24243349999999], [33.2644127, 45.1417817], [33.3962493, 45.2037423], [33.6104835, 45.0409519], [33.5994971, 44.8699114], [33.5390721, 44.8387583], [33.5280857, 44.6241249], [33.3962493, 44.5771899], [33.4676607, 44.5027987], [33.594004, 44.4949625], [33.7533063, 44.3890709], [34.0828975, 44.4165427], [34.275159, 44.530217], [34.4784069, 44.7373945], [34.9398346, 44.8309673], [35.0936438, 44.8153824], [35.2859053, 44.9671559], [35.4561941, 44.9516078], [35.4012622, 45.0797536], [35.5825375, 45.13015639999999], [35.8462103, 45.0021236], [36.043965, 45.04871419999999], [36.2417197, 45.029306], [36.4449677, 45.0875106], [36.395529, 45.1805147], [36.4284882, 45.27723269999999], [36.4834201, 45.3699272], [36.5768043, 45.3506282], [36.6317362, 45.3969344], [36.4669406, 45.4740272], [36.3131314, 45.4701751], [36.0714312, 45.44705679999999], [36.038472, 45.40464859999999], [35.9450878, 45.377645], [35.8571969, 45.4354941], [35.6649353, 45.3081478], [35.4397146, 45.2424334], [35.187028, 45.34290719999999], [35.1375894, 45.31201109999999], [35.0277257, 45.39307729999999], [35.0991371, 45.4586173], [35.0112462, 45.6355792], [34.8574369, 45.727686], [34.6363363, 45.95203859999999], [34.8684233, 45.9453546], [34.8313444, 46.1131647], [34.8093716, 46.1631231], [34.8697968, 46.23868800000001], [35.0538185, 46.2638532], [35.2189868, 46.39382040000001], [35.168707, 46.50101209999999], [35.1935028, 46.5099924], [35.2675969, 46.3543716], [35.3224019, 46.33782480000001], [35.3799766, 46.3805066], [35.5256992, 46.4720434], [35.6286612, 46.5097446], [35.705164, 46.5765238], [35.8105052, 46.6158973], [35.9148758, 46.6583291], [36.1126305, 46.6630416], [36.2725147, 46.6376742], [36.4059039, 46.7279063], [36.6159439, 46.7788418], [36.4357226, 46.88544910000001], [36.3627947, 47.0168005], [36.1589834, 47.0701266], [36.1901337, 47.1763597], [35.6989812, 47.23081329999999], [35.2970679, 47.48439150000001], [35.09212, 47.45502840000001], [34.9487326, 47.3767939], [34.6404565, 47.53476250000001], [34.4658711, 47.49897669999999], [34.1729776, 47.4132547], [34.0625281, 47.3503352], [33.8511346, 47.1382352], [33.7079876, 47.00876090000001], [33.6997479, 46.9178498], [33.5974242, 46.8210642], [33.5377374, 46.9002491], [33.9694843, 47.3076251], [33.954618, 47.4233547], [33.9078042, 47.4191525], [33.8705967, 47.4316594], [33.8381112, 47.4274588], [33.7358855, 47.4406119], [33.6468749, 47.46424770000001], [33.5555293, 47.4864304], [33.5438379, 47.506962], [33.5315502, 47.5036865], [33.5116895, 47.50270669999999], [33.3714363, 47.47548749999999], [33.2969147, 47.54439469999999], [33.2409614, 47.5271702], [33.2323365, 47.5044134], [33.2055817, 47.4895872], [33.1708333, 47.4992056], [33.0499519, 47.537524], [33.0619307, 47.4571563], [33.0672486, 47.40624019999999], [33.1562797, 47.3715735], [33.1716648, 47.3520811], [33.1598789, 47.2797109], [33.0406147, 47.1928703], [32.9365188, 47.12933050000001], [32.8838238, 47.10646699999999], [32.7776239, 47.0900781], [32.7173344, 46.8310692]]] } },

{ "type": "Feature", "properties": { "fid": 14, "Name": null, "description": "21-04-2022", "No": 6, "id": "p14", "side": "ru" }, "geometry": { "type": "Polygon", "coordinates": [[[32.3630817,46.7743256,0],[32.3822181,46.7651562,0],[32.3916097,46.7616723,0],[32.3999715,46.7668044,0],[32.4088739,46.7667687,0],[32.4174326,46.7641159,0],[32.4225576,46.759699,0],[32.4242487,46.7536356,0],[32.4202499,46.7465659,0],[32.4318885,46.7397777,0],[32.4429871,46.7339758,0],[32.546671,46.7654978,0],[32.5317741,46.8993292,0],[32.5400143,46.9570069,0],[32.5442809,47.0049321,0],[32.4873482,46.998303,0],[32.4766195,46.9849547,0],[32.422727,46.9589532,0],[32.3879391,46.9635098,0],[32.3451745,46.939601,0],[32.3362273,46.9051022,0],[32.3071007,46.8007768,0],[32.3387607,46.7784479,0],[32.3630817,46.7743256,0]]] } },
{ "type": "Feature", "properties": { "fid": 15, "Name": null, "description": "21-04-2022", "No": 6, "id": "p15", "side": "ru" }, "geometry": { "type": "Polygon", "coordinates": [[[32.2785331,46.580983,0],[32.4169471,46.6222876,0],[32.4045544,46.6381073,0],[32.3475075,46.6672347,0],[32.2522194,46.6675923,0],[32.1384303,46.6526803,0],[32.1198845,46.5969803,0],[32.1397972,46.5509591,0],[32.1847725,46.5755086,0],[32.2091484,46.5764526,0],[32.2348976,46.588487,0],[32.2465706,46.5924979,0],[32.2596169,46.5906105,0],[32.2785331,46.580983,0]]] } },
{ "type": "Feature", "properties": { "fid": 16, "Name": null, "description": "21-04-2022", "No": 6, "id": "p16", "side": "ru" }, "geometry": { "type": "Polygon", "coordinates": [[[33.3034744,47.3395522,0],[33.2208764,47.3597618,0],[33.2282278,47.3932035,0],[33.2429784,47.4046325,0],[33.2405653,47.4137375,0],[33.2393543,47.425166,0],[33.2363523,47.4463727,0],[33.2224478,47.4449796,0],[33.2232532,47.4247782,0],[33.2238954,47.4147058,0],[33.2219627,47.4075352,0],[33.2190024,47.3980405,0],[33.1888983,47.3537571,0],[33.1766783,47.3090055,0],[33.1712803,47.2483092,0],[33.0962724,47.2357692,0],[33.0940652,47.2264798,0],[33.0983763,47.2190655,0],[33.1583029,47.2214356,0],[33.1585529,47.1909293,0],[33.1752874,47.156691,0],[33.1863195,47.1068957,0],[33.0683157,47.0254443,0],[32.9769578,46.911263,0],[32.8726047,46.776962,0],[32.8313877,46.8098479,0],[32.789677,46.810087,0],[32.7740525,46.8239447,0],[32.7704371,46.8528166,0],[32.7943088,46.9037575,0],[32.7929357,46.9862621,0],[32.8907841,47.0604547,0],[33.0055852,47.1128147,0],[32.9961616,47.1198125,0],[32.9821486,47.1202894,0],[32.9169962,47.0985565,0],[32.8783746,47.0912922,0],[32.8417642,47.0939271,0],[32.8179021,47.0945714,0],[32.7952438,47.0939271,0],[32.7598813,47.0673917,0],[32.7599765,47.0424424,0],[32.5445157,47.0051671,0],[32.5320088,46.8995642,0],[32.5469056,46.7657033,0],[32.4432213,46.7341813,0],[32.4321228,46.7400127,0],[32.420484,46.7467714,0],[32.4244829,46.7538411,0],[32.4227918,46.7599045,0],[32.4176667,46.7643214,0],[32.409108,46.7669742,0],[32.4002057,46.7670394,0],[32.3918437,46.7618778,0],[32.3824522,46.7653912,0],[32.3633157,46.7745606,0],[32.3389946,46.7786534,0],[32.3073344,46.8009823,0],[32.2437668,46.7862659,0],[32.2205503,46.7653102,0],[32.1702336,46.7546622,0],[32.1985953,46.728348,0],[32.2030073,46.7119261,0],[32.227333,46.706917,0],[32.2362367,46.7010237,0],[32.2754486,46.7046771,0],[32.2936379,46.6847189,0],[32.3477414,46.6674697,0],[32.4047886,46.6383423,0],[32.4171813,46.6225226,0],[32.2787667,46.581218,0],[32.3207073,46.5536264,0],[32.4264412,46.5753219,0],[32.4432643,46.5752038,0],[32.5417986,46.5993887,0],[32.5898642,46.602691,0],[32.6241968,46.629575,0],[32.6502897,46.6545604,0],[32.7195556,46.6749408,0],[32.7189445,46.6659243,0],[32.7221137,46.666069,0],[32.7214667,46.6751818,0],[32.7554978,46.6734555,0],[32.7791873,46.6765179,0],[32.8091504,46.6852748,0],[32.8524095,46.7022297,0],[32.9423606,46.7398884,0],[33.0137725,46.7422411,0],[33.0460451,46.7469464,0],[33.0950616,46.7691807,0],[33.1561737,46.7886952,0],[33.2299887,46.7868145,0],[33.3058635,46.780467,0],[33.3294672,46.7801731,0],[33.3537713,46.7846316,0],[33.3476928,46.789971,0],[33.3565424,46.7922489,0],[33.3807086,46.8053825,0],[33.4123503,46.8298909,0],[33.4420037,46.8419645,0],[33.4699496,46.8469854,0],[33.5087455,46.8583085,0],[33.5906411,46.854001,0],[33.5954392,46.9347815,0],[33.6621441,47.0000807,0],[33.6561332,47.0560055,0],[33.7473646,47.0941206,0],[33.782062,47.1309269,0],[33.7886479,47.1864238,0],[33.8201075,47.1983209,0],[33.8550065,47.2074077,0],[33.9005705,47.2311942,0],[33.9125138,47.2619696,0],[33.9196667,47.2851769,0],[33.954146,47.3005073,0],[33.9645983,47.3288724,0],[33.9727372,47.3808159,0],[33.869743,47.3895621,0],[33.8443445,47.4094158,0],[33.8357814,47.4343617,0],[33.7757277,47.4242175,0],[33.7233582,47.4203837,0],[33.7087588,47.4000855,0],[33.710046,47.3811465,0],[33.818773,47.3735669,0],[33.8265127,47.3538759,0],[33.8011165,47.3510376,0],[33.8037036,47.3386615,0],[33.7617483,47.3332626,0],[33.7479475,47.3364658,0],[33.6948146,47.332519,0],[33.6747022,47.3364846,0],[33.6210327,47.328414,0],[33.6018214,47.3494846,0],[33.5748686,47.3465255,0],[33.5393257,47.3614685,0],[33.5861901,47.4071252,0],[33.562099,47.4095839,0],[33.5132702,47.3708119,0],[33.4547437,47.3941156,0],[33.4251505,47.432341,0],[33.4103003,47.4410628,0],[33.3977763,47.4568622,0],[33.3969442,47.4683177,0],[33.3970043,47.4752244,0],[33.395537,47.4893955,0],[33.4009398,47.4978897,0],[33.395013,47.506152,0],[33.3859027,47.5052777,0],[33.381257,47.4965172,0],[33.3781235,47.4708527,0],[33.3689854,47.4694337,0],[33.3901664,47.4510832,0],[33.3934902,47.4436406,0],[33.3964119,47.4303778,0],[33.4023367,47.4218892,0],[33.3945297,47.4166524,0],[33.3766284,47.3974118,0],[33.3662914,47.3749157,0],[33.323597,47.359185,0],[33.3034744,47.3395522,0]],[[33.3010005,47.3405109,0],[33.301225,47.3405791,0],[33.3010774,47.3405352,0],[33.3010005,47.3405109,0]],[[33.2870334,47.3456871,0],[33.2870282,47.3456938,0],[33.2870264,47.3456885,0],[33.2870334,47.3456871,0]],[[33.8005103,47.3477407,0],[33.8005053,47.3477351,0],[33.8005098,47.3477361,0],[33.8005103,47.3477407,0]]] } },
{ "type": "Feature", "properties": { "fid": 17, "Name": null, "description": "21-04-2022 Крим", "No": 6, "id": "p17", "side": "ru" }, "geometry": { "type": "Polygon", "coordinates": [[[35.467835,45.3075439,0],[35.4068082,45.2644178,0],[35.2416821,45.3243264,0],[35.204621,45.3411922,0],[35.1649696,45.3446545,0],[35.1010963,45.349621,0],[35.0729656,45.3689183,0],[35.0393119,45.4152187,0],[35.0255588,45.4426858,0],[35.0873588,45.4650823,0],[35.1134863,45.4855397,0],[35.097133,45.5292483,0],[35.042263,45.5960367,0],[35.0473832,45.6128772,0],[35.0339616,45.6287569,0],[34.9926734,45.657634,0],[34.9821638,45.681297,0],[34.9710323,45.6889463,0],[34.92888,45.6774755,0],[34.9010875,45.6882086,0],[34.8888909,45.7017093,0],[34.875829,45.7134099,0],[34.8644448,45.7321869,0],[34.8780522,45.7473367,0],[34.8045347,45.7343911,0],[34.7282947,45.7309818,0],[34.7484798,45.761843,0],[34.7851745,45.7907793,0],[34.7490748,45.8226286,0],[34.72943,45.8276696,0],[34.7251264,45.8140506,0],[34.6996291,45.8139344,0],[34.7472953,45.8435332,0],[34.7587955,45.8669545,0],[34.796134,45.8920532,0],[34.7873421,45.9046163,0],[34.7595911,45.9032563,0],[34.7333458,45.8844129,0],[34.6968744,45.8788077,0],[34.6456643,45.8607057,0],[34.6008073,45.8373012,0],[34.5728517,45.8083642,0],[34.5286285,45.7881373,0],[34.5168682,45.8017495,0],[34.5243335,45.8191889,0],[34.5520838,45.8422677,0],[34.6238418,45.884452,0],[34.6352267,45.9084632,0],[34.6505463,45.9347968,0],[34.7008789,45.9590612,0],[34.6510694,45.9735446,0],[34.545052,45.9954904,0],[34.3824606,46.0345739,0],[34.2198542,46.0752287,0],[34.1222402,46.1077589,0],[34.0204777,46.1327603,0],[33.8239473,46.1869511,0],[33.7545527,46.1404385,0],[33.7495382,46.1374606,0],[33.7475131,46.1378538,0],[33.7405106,46.1434809,0],[33.735601,46.1471215,0],[33.7350502,46.1498824,0],[33.72811,46.1551668,0],[33.7265868,46.1578857,0],[33.7262858,46.1616592,0],[33.7253384,46.1649261,0],[33.7261891,46.1667043,0],[33.7292637,46.1690726,0],[33.7299192,46.1709572,0],[33.7257348,46.174014,0],[33.7197659,46.1739455,0],[33.7160664,46.1757094,0],[33.7108304,46.1838399,0],[33.713146,46.1862645,0],[33.7097972,46.1901163,0],[33.7112546,46.193492,0],[33.71571,46.1979643,0],[33.7129463,46.2016824,0],[33.7177182,46.2024641,0],[33.7203949,46.1997502,0],[33.7278118,46.2009757,0],[33.7378406,46.2005747,0],[33.7421104,46.2083299,0],[33.7149322,46.2067379,0],[33.6908993,46.2050773,0],[33.660569,46.1841719,0],[33.6076289,46.1473165,0],[33.6134717,46.138416,0],[33.6148453,46.1267095,0],[33.6189643,46.114289,0],[33.6338964,46.0979166,0],[33.6431537,46.0780301,0],[33.6362742,46.0751698,0],[33.6372819,46.0813513,0],[33.6214674,46.0632658,0],[33.6121959,46.0418325,0],[33.6171785,46.014904,0],[33.6228726,46.000837,0],[33.6285431,45.9876045,0],[33.6307578,45.9776967,0],[33.6296884,45.9674259,0],[33.6275439,45.9564319,0],[33.6163934,45.9506791,0],[33.6215537,45.9458541,0],[33.6346116,45.94193,0],[33.640135,45.9493564,0],[33.6594173,45.9565555,0],[33.682856,45.9528033,0],[33.6926578,45.9567519,0],[33.723222,45.951262,0],[33.7427932,45.9517319,0],[33.7513769,45.9493368,0],[33.7557842,45.9392824,0],[33.7579871,45.9344939,0],[33.75607,45.9297057,0],[33.7493777,45.9274994,0],[33.7282669,45.9267258,0],[33.7208017,45.9244272,0],[33.7105903,45.916874,0],[33.7056001,45.9124071,0],[33.6958046,45.9074627,0],[33.6899492,45.9090379,0],[33.691284,45.9112313,0],[33.6877728,45.9127518,0],[33.6800935,45.9085396,0],[33.67557,45.9009372,0],[33.6757155,45.8923565,0],[33.6792256,45.8849596,0],[33.6799532,45.8750482,0],[33.6803219,45.8665067,0],[33.6856604,45.8588878,0],[33.6859296,45.8488623,0],[33.6828542,45.8438353,0],[33.6797799,45.8426347,0],[33.678423,45.8458584,0],[33.6815298,45.8502773,0],[33.6736971,45.8567142,0],[33.6662681,45.8600217,0],[33.6603343,45.8620923,0],[33.6573919,45.8657542,0],[33.6549378,45.8699698,0],[33.6558644,45.8726633,0],[33.6397449,45.8736363,0],[33.6346115,45.8784318,0],[33.6147267,45.8899326,0],[33.5951837,45.8839771,0],[33.5852577,45.8684574,0],[33.5716337,45.870661,0],[33.5586395,45.8617199,0],[33.5535178,45.8515079,0],[33.5482128,45.8435307,0],[33.5421287,45.8376274,0],[33.5363434,45.8451985,0],[33.5176551,45.846594,0],[33.5076216,45.8410719,0],[33.4971139,45.8483554,0],[33.4920962,45.8565944,0],[33.4856034,45.8525363,0],[33.4818587,45.8532599,0],[33.4729954,45.8484896,0],[33.4339234,45.8379784,0],[33.4170901,45.8302054,0],[33.3748671,45.7965887,0],[33.3151998,45.770008,0],[33.2794116,45.7585976,0],[33.2381446,45.7500492,0],[33.2105469,45.7559314,0],[33.1814278,45.7734227,0],[33.1657369,45.7882695,0],[33.1604287,45.7656387,0],[33.1605576,45.7495414,0],[33.1524036,45.730959,0],[33.1387446,45.7183157,0],[33.1250751,45.7196617,0],[33.11481,45.7112164,0],[33.0966485,45.7146636,0],[33.0687571,45.705934,0],[33.0463678,45.692403,0],[33.0171537,45.6870091,0],[33.009427,45.6790235,0],[32.9973336,45.6779092,0],[32.9050861,45.6360774,0],[32.8219076,45.5878182,0],[32.8201285,45.5843929,0],[32.8225004,45.5832806,0],[32.831583,45.5841652,0],[32.8410082,45.582406,0],[32.8426546,45.5772541,0],[32.8431411,45.5705971,0],[32.8406482,45.56511,0],[32.8349486,45.5597237,0],[32.8273042,45.5563081,0],[32.8245397,45.5548513,0],[32.8166262,45.5589238,0],[32.7906892,45.5590224,0],[32.7550732,45.548477,0],[32.727683,45.5330863,0],[32.7105858,45.5239372,0],[32.7144138,45.5169495,0],[32.6909269,45.5081698,0],[32.69637,45.5177228,0],[32.6915269,45.52298,0],[32.5556209,45.4659496,0],[32.5050229,45.4261691,0],[32.4819345,45.4056494,0],[32.4808276,45.3909109,0],[32.4886441,45.3849884,0],[32.5074454,45.3819566,0],[32.5134582,45.3720378,0],[32.5103771,45.3608842,0],[32.495293,45.3482293,0],[32.4964907,45.3449896,0],[32.5355384,45.3390219,0],[32.570503,45.3340943,0],[32.5793963,45.3289693,0],[32.5948271,45.3276111,0],[32.621079,45.3199274,0],[32.6528184,45.3151327,0],[32.6772328,45.32508,0],[32.6829272,45.333912,0],[32.7114726,45.3448058,0],[32.7297279,45.3566612,0],[32.7641899,45.3668516,0],[32.8542627,45.3670736,0],[32.9083924,45.3605221,0],[32.9371025,45.3496162,0],[32.9667646,45.3366935,0],[32.9918481,45.3224993,0],[33.0434832,45.2878656,0],[33.0740304,45.2681259,0],[33.0810275,45.2601885,0],[33.0941264,45.2451025,0],[33.1073491,45.2326281,0],[33.1246878,45.2259538,0],[33.1385684,45.2149264,0],[33.1434036,45.2070898,0],[33.1516576,45.2007522,0],[33.167457,45.1934696,0],[33.1798209,45.1876511,0],[33.1852357,45.1837167,0],[33.1954571,45.183169,0],[33.201555,45.1826203,0],[33.2094089,45.1804086,0],[33.2181404,45.1776076,0],[33.2276534,45.1733016,0],[33.2357548,45.1675171,0],[33.2459386,45.1569381,0],[33.2549343,45.1498013,0],[33.2609256,45.1472646,0],[33.2663625,45.1467791,0],[33.2707971,45.1471418,0],[33.2738722,45.1464757,0],[33.2797012,45.1475952,0],[33.2822718,45.1482765,0],[33.2837288,45.1509173,0],[33.2860912,45.1538121,0],[33.2905346,45.1568327,0],[33.293829,45.158614,0],[33.2956486,45.1618045,0],[33.2957182,45.1663542,0],[33.297504,45.168483,0],[33.300406,45.1716404,0],[33.3050247,45.1734663,0],[33.3097568,45.1746445,0],[33.3186088,45.1750957,0],[33.3255723,45.1744576,0],[33.331162,45.1728513,0],[33.3486851,45.1746675,0],[33.3569698,45.1782214,0],[33.3590753,45.1817757,0],[33.3667193,45.1840434,0],[33.3744548,45.1856753,0],[33.3782219,45.1858486,0],[33.3746126,45.1872667,0],[33.3747801,45.1896522,0],[33.3737318,45.1929034,0],[33.3781579,45.1960177,0],[33.3849501,45.1971655,0],[33.3913248,45.1977683,0],[33.4010281,45.1965493,0],[33.4094482,45.1938671,0],[33.4159888,45.1914041,0],[33.4332529,45.1846374,0],[33.4508543,45.1742382,0],[33.4807573,45.1558915,0],[33.5102954,45.1346317,0],[33.5374075,45.1102177,0],[33.5624345,45.0814365,0],[33.581633,45.0511232,0],[33.596689,45.0120756,0],[33.6025946,44.9979727,0],[33.6043773,44.9804712,0],[33.5976519,44.9765496,0],[33.6109623,44.9257206,0],[33.6105925,44.8993192,0],[33.6064479,44.8717023,0],[33.6052004,44.8663859,0],[33.6008626,44.857663,0],[33.5956232,44.8475171,0],[33.5906429,44.8457225,0],[33.5868637,44.8470001,0],[33.5789642,44.8404874,0],[33.5696937,44.838843,0],[33.5595722,44.8399449,0],[33.552198,44.8395857,0],[33.5485985,44.8328932,0],[33.5502309,44.8222419,0],[33.5477436,44.8120781,0],[33.54552,44.8041697,0],[33.5406327,44.802652,0],[33.535058,44.7923643,0],[33.5407223,44.7617581,0],[33.5398624,44.7387125,0],[33.5475831,44.7244447,0],[33.5467184,44.7060292,0],[33.5463628,44.6779794,0],[33.5418641,44.6589325,0],[33.5356674,44.6459898,0],[33.5311908,44.6411069,0],[33.5256907,44.6383616,0],[33.5153851,44.637082,0],[33.5124742,44.6331489,0],[33.5082713,44.6319164,0],[33.5099459,44.6295904,0],[33.5183353,44.6284265,0],[33.5221859,44.629309,0],[33.5254838,44.6270618,0],[33.5285055,44.6275258,0],[33.5312174,44.6256803,0],[33.5329163,44.6265898,0],[33.5356517,44.625761,0],[33.5349536,44.6237107,0],[33.5393948,44.6237637,0],[33.5420971,44.6233813,0],[33.5468152,44.6240826,0],[33.5483554,44.6259744,0],[33.5504051,44.6258484,0],[33.5527869,44.6236417,0],[33.5606419,44.625336,0],[33.5639904,44.6226167,0],[33.5631343,44.6203556,0],[33.5734385,44.6197403,0],[33.5761949,44.6209549,0],[33.5779291,44.618497,0],[33.5807108,44.6170017,0],[33.5828418,44.6174325,0],[33.5895044,44.6148711,0],[33.5890962,44.6124382,0],[33.5951457,44.6112363,0],[33.5962602,44.6129879,0],[33.5998614,44.6133127,0],[33.6001952,44.610786,0],[33.5988033,44.609644,0],[33.5390757,44.6194771,0],[33.4501548,44.6159461,0],[33.3671252,44.5811213,0],[33.487616,44.4970494,0],[33.5540478,44.4868769,0],[33.6019479,44.4917389,0],[33.6270126,44.4795789,0],[33.6383395,44.4586871,0],[33.6427831,44.423395,0],[33.6891596,44.4152093,0],[33.715168,44.3996416,0],[33.7451087,44.3818594,0],[33.8607911,44.397006,0],[33.9616898,44.3897091,0],[34.1244732,44.4308203,0],[34.1464573,44.4793412,0],[34.249032,44.5065762,0],[34.3055437,44.5501151,0],[34.3552146,44.5459109,0],[34.4321494,44.682765,0],[34.5446135,44.7410058,0],[34.7288112,44.8078253,0],[34.9120951,44.8157703,0],[34.9698329,44.8375086,0],[35.0790016,44.7919526,0],[35.1261054,44.8237102,0],[35.1318378,44.8444582,0],[35.1402067,44.8670023,0],[35.1498931,44.8865457,0],[35.1629818,44.9006932,0],[35.1870623,44.9080271,0],[35.2100892,44.9102209,0],[35.2369585,44.9194658,0],[35.2499966,44.937815,0],[35.2434737,44.9528227,0],[35.2561771,44.9629687,0],[35.2712818,44.9675955,0],[35.2836408,44.9661604,0],[35.2967035,44.9622621,0],[35.3025476,44.9680837,0],[35.3192041,44.9695341,0],[35.3456885,44.9650381,0],[35.3817713,44.9479004,0],[35.3839103,44.9525034,0],[35.3531847,44.9764804,0],[35.3556696,44.9860378,0],[35.3650226,44.9946229,0],[35.3887009,45.0007996,0],[35.4209684,45.0121841,0],[35.4105918,45.0231085,0],[35.3878501,45.023354,0],[35.3794425,45.0364589,0],[35.381846,45.0510208,0],[35.4130934,45.0762582,0],[35.4457414,45.1005166,0],[35.4989407,45.1166504,0],[35.5411745,45.1269509,0],[35.5854754,45.131902,0],[35.6297695,45.1223028,0],[35.6936803,45.106322,0],[35.750681,45.0825557,0],[35.775046,45.0689711,0],[35.7891038,45.0563548,0],[35.8048863,45.0455584,0],[35.8144831,45.0333055,0],[35.8106804,45.0223889,0],[35.8219474,45.0192032,0],[35.8297795,45.0140758,0],[35.8344566,45.0077046,0],[35.8293935,45.0046731,0],[35.8357447,44.9990939,0],[35.8683554,45.0054,0],[35.8755659,45.0103718,0],[35.8879269,45.0126725,0],[35.9136661,45.0182611,0],[35.9258506,45.019111,0],[35.9531386,45.0141312,0],[35.9684176,45.0183747,0],[35.9823264,45.024558,0],[36.0046649,45.0451745,0],[36.0266503,45.0498222,0],[36.07129,45.0482523,0],[36.2010446,45.0330226,0],[36.2137506,45.0291009,0],[36.2264566,45.0290601,0],[36.2422657,45.0415901,0],[36.2477796,45.0492633,0],[36.2821366,45.0549895,0],[36.3281966,45.0591511,0],[36.372884,45.0574746,0],[36.3909776,45.0653589,0],[36.4368342,45.0839938,0],[36.4544341,45.1008902,0],[36.4362654,45.1139404,0],[36.4203108,45.1364537,0],[36.4185095,45.1544896,0],[36.4070909,45.1715577,0],[36.4012509,45.2148873,0],[36.4187578,45.2340262,0],[36.4227627,45.2429657,0],[36.4315772,45.2562531,0],[36.4354746,45.2721923,0],[36.4295309,45.2779761,0],[36.4217564,45.2721472,0],[36.4171994,45.286584,0],[36.4293428,45.29622,0],[36.4785752,45.3058437,0],[36.4919049,45.3173694,0],[36.4812201,45.3201835,0],[36.4731298,45.3244878,0],[36.4701147,45.3329161,0],[36.4696374,45.3383374,0],[36.4728335,45.3470807,0],[36.4771785,45.3502458,0],[36.4762621,45.3552063,0],[36.4822127,45.360166,0],[36.4889741,45.3624786,0],[36.498482,45.3628606,0],[36.5186846,45.3565357,0],[36.518973,45.3516596,0],[36.5316201,45.3513652,0],[36.5463246,45.3462433,0],[36.5681277,45.3473558,0],[36.5883899,45.3481292,0],[36.5959534,45.3458156,0],[36.6042184,45.3484248,0],[36.6063332,45.3531615,0],[36.6098796,45.3573254,0],[36.6197211,45.359376,0],[36.6256769,45.363476,0],[36.629355,45.368781,0],[36.6271021,45.3740878,0],[36.6335856,45.3764967,0],[36.6431248,45.3788986,0],[36.6450421,45.382257,0],[36.6405126,45.3886165,0],[36.627261,45.3942082,0],[36.6160671,45.4007628,0],[36.6042456,45.412031,0],[36.6101247,45.4152829,0],[36.6129554,45.4213075,0],[36.6025698,45.4273349,0],[36.5935558,45.4376984,0],[36.5853195,45.4396442,0],[36.5757092,45.440626,0],[36.5661011,45.4353605,0],[36.5671421,45.4277205,0],[36.5548099,45.4230424,0],[36.5452557,45.4242854,0],[36.5309558,45.4262862,0],[36.5229549,45.4298013,0],[36.5117576,45.4358631,0],[36.5051516,45.4412363,0],[36.4960562,45.4442702,0],[36.4874737,45.4503334,0],[36.478543,45.4542658,0],[36.4716643,45.4563464,0],[36.457917,45.4552914,0],[36.4469166,45.4576063,0],[36.4406809,45.4548197,0],[36.4426329,45.4521357,0],[36.4321212,45.4491708,0],[36.4323879,45.4466108,0],[36.4233111,45.444858,0],[36.4140851,45.4447172,0],[36.4038684,45.4482811,0],[36.3923522,45.4534719,0],[36.3830431,45.4580643,0],[36.3754008,45.4629065,0],[36.368345,45.4677681,0],[36.3569717,45.4702571,0],[36.3513832,45.4733024,0],[36.3443128,45.4789052,0],[36.3417584,45.4831634,0],[36.3406179,45.4776989,0],[36.3381048,45.4736789,0],[36.3227817,45.4704542,0],[36.3054011,45.4739692,0],[36.2941983,45.4798892,0],[36.2660312,45.4779036,0],[36.1709049,45.4697122,0],[36.1255871,45.4616911,0],[36.0775394,45.4478719,0],[36.0713455,45.4016019,0],[36.058299,45.3852148,0],[35.9401912,45.3784766,0],[35.844077,45.446934,0],[35.8001268,45.4276662,0],[35.7482156,45.3906603,0],[35.7265675,45.3497848,0],[35.7217501,45.3355618,0],[35.6353067,45.3206009,0],[35.5258253,45.2911927,0],[35.4987587,45.3061765,0],[35.467835,45.3075439,0]]] } },
{ "type": "Feature", "properties": { "fid": 18, "Name": null, "description": "21-04-2022", "No": 6, "id": "p18", "side": "ru" }, "geometry": { "type": "Polygon", "coordinates": [[[32.872598,46.7769793,0],[33.06831,47.0254613,0],[33.186314,47.1069125,0],[32.8907785,47.060472,0],[32.7929297,46.9862795,0],[32.7943025,46.9037749,0],[32.7704306,46.8528341,0],[32.7740459,46.8239622,0],[32.7896704,46.8101044,0],[32.8313811,46.8098653,0],[32.872598,46.7769793,0]]] } },
{ "type": "Feature", "properties": { "fid": 19, "Name": null, "description": "21-04-2022 - ЛБ Херсон", "No": 6, "id": "p19", "side": "ru" }, "geometry": { "type": "Polygon", "coordinates": [[[33.6908993,46.2050773,0],[33.7407637,46.2084487,0],[33.7421104,46.2083299,0],[33.7378406,46.2005747,0],[33.7278118,46.2009757,0],[33.7203949,46.1997502,0],[33.7177182,46.2024641,0],[33.7129463,46.2016824,0],[33.71571,46.1979643,0],[33.7112546,46.193492,0],[33.7097972,46.1901163,0],[33.713146,46.1862645,0],[33.7108304,46.1838399,0],[33.7160664,46.1757094,0],[33.7197659,46.1739455,0],[33.7257348,46.174014,0],[33.7299192,46.1709572,0],[33.7292637,46.1690726,0],[33.7261891,46.1667043,0],[33.7253384,46.1649261,0],[33.7262858,46.1616592,0],[33.7265868,46.1578857,0],[33.72811,46.1551668,0],[33.7350502,46.1498824,0],[33.735601,46.1471215,0],[33.7475131,46.1378538,0],[33.7495382,46.1374606,0],[33.7545527,46.1404385,0],[33.8239473,46.1869511,0],[34.0204777,46.1327603,0],[34.1222402,46.1077589,0],[34.2198542,46.0752287,0],[34.4199342,46.0251892,0],[34.545052,45.9954904,0],[34.6510694,45.9735446,0],[34.7008789,45.9590612,0],[34.8396735,45.8734958,0],[34.815525,45.8354769,0],[34.8247422,45.8109669,0],[34.8670648,45.8289354,0],[34.8703794,45.8465179,0],[34.8747888,45.8553043,0],[34.8852353,45.863042,0],[34.9000715,45.8578221,0],[34.9349618,45.8051894,0],[34.9400235,45.787008,0],[34.9453002,45.7800712,0],[34.9551472,45.7671437,0],[34.9493387,45.7628178,0],[34.9582138,45.7599193,0],[34.9685965,45.7625968,0],[34.9770477,45.7651671,0],[34.8918409,45.8984474,0],[34.8521271,46.0088544,0],[34.8342939,46.1151664,0],[34.828973,46.2038097,0],[34.8992236,46.2379262,0],[35.0366537,46.2665039,0],[35.3181707,46.3348031,0],[35.4344756,46.4150752,0],[35.6143006,46.4994549,0],[35.7699819,46.6015489,0],[35.9360684,46.6582322,0],[36.0830917,46.6581318,0],[36.1895283,46.6666684,0],[36.2286868,46.6501439,0],[36.2691733,46.6053201,0],[36.3867767,46.7166726,0],[36.4954556,46.7472464,0],[36.6152407,46.7730012,0],[36.6468319,46.7803113,0],[36.7052081,46.7772605,0],[36.7460651,46.7652589,0],[36.780722,46.7485413,0],[36.8101741,46.7276278,0],[36.8217547,46.701533,0],[36.8009817,46.7067814,0],[36.7903356,46.6744379,0],[36.7779831,46.6632878,0],[36.7606545,46.6654469,0],[36.7419989,46.6369988,0],[36.7589206,46.6182938,0],[36.8023949,46.6604397,0],[36.8376925,46.7053996,0],[36.8454807,46.7237983,0],[36.8553278,46.7417216,0],[36.8681585,46.7653292,0],[36.8855916,46.789022,0],[36.9039953,46.8053733,0],[36.9291714,46.8281987,0],[36.9585394,46.8472643,0],[36.9927169,46.8620972,0],[37.0189882,46.866505,0],[37.2352809,46.9507065,0],[37.2968463,46.9269649,0],[37.3185542,46.8959368,0],[37.2921844,46.8742922,0],[37.2882744,46.8702775,0],[37.3073663,46.8655588,0],[37.4810991,47.0319678,0],[37.5118616,47.0642587,0],[37.5372785,47.0815816,0],[37.5725867,47.0856417,0],[37.5815454,47.107173,0],[37.6110775,47.1222481,0],[37.626866,47.1317128,0],[37.6543151,47.1240104,0],[37.6195245,47.103279,0],[37.6188017,47.0876542,0],[37.6296409,47.0951513,0],[37.6979797,47.0796056,0],[37.7677602,47.089906,0],[37.7930288,47.0857257,0],[37.8148639,47.0894884,0],[37.8176104,47.1011748,0],[37.8163369,47.109753,0],[37.8180535,47.1190987,0],[37.8256066,47.1333479,0],[37.8297265,47.1461922,0],[37.8365929,47.1569323,0],[37.844146,47.1655695,0],[37.8499825,47.1742053,0],[37.8513558,47.198938,0],[37.8472359,47.2138654,0],[37.8413995,47.2269234,0],[37.833503,47.249301,0],[37.8341897,47.2760952,0],[37.8338464,47.2854117,0],[37.8300698,47.2958908,0],[37.8276665,47.3026429,0],[37.8348763,47.3082302,0],[37.8317864,47.3149807,0],[37.8245766,47.3214977,0],[37.8273232,47.3284792,0],[37.8279101,47.3355277,0],[37.8292834,47.3425074,0],[37.8444894,47.3419742,0],[37.856849,47.3436027,0],[37.8612124,47.3478578,0],[37.8591525,47.3543707,0],[37.8486092,47.3501161,0],[37.8376229,47.3524422,0],[37.8417428,47.3584893,0],[37.8515994,47.3655338,0],[37.841643,47.3690218,0],[37.8383096,47.3780216,0],[37.8503258,47.3842983,0],[37.856849,47.3928985,0],[37.855819,47.403124,0],[37.8637154,47.4265885,0],[37.8784784,47.4416839,0],[37.8925547,47.4697729,0],[37.8194267,47.5463034,0],[37.8084403,47.5618278,0],[37.7823477,47.5859162,0],[37.7771978,47.6157796,0],[37.7686147,47.6354478,0],[37.801917,47.6423879,0],[37.8039769,47.6601962,0],[37.7644947,47.6847015,0],[37.7184895,47.7072316,0],[37.6355977,47.7431156,0],[37.6494334,47.7509552,0],[37.6525231,47.7578794,0],[37.643254,47.8083994,0],[37.6342622,47.838423,0],[37.6330023,47.8460097,0],[37.6348905,47.8525768,0],[37.6348904,47.8558021,0],[37.6355771,47.860179,0],[37.6389066,47.8677882,0],[37.640944,47.8706227,0],[37.6424889,47.8737318,0],[37.6440338,47.8809854,0],[37.5656693,47.7896373,0],[37.4513802,47.7682383,0],[37.3889914,47.7478267,0],[37.3574541,47.749386,0],[37.3360605,47.7502369,0],[37.319116,47.7520082,0],[37.2611794,47.7520673,0],[37.2198427,47.7600496,0],[37.1427844,47.766155,0],[37.0825515,47.7835327,0],[36.9900001,47.79763,0],[36.9791819,47.7997342,0],[36.9674651,47.8017594,0],[36.9602118,47.7973266,0],[36.9752309,47.793074,0],[36.9741129,47.7738803,0],[36.9654424,47.7610272,0],[36.9558272,47.7622044,0],[36.9534419,47.7623173,0],[36.951057,47.7534292,0],[36.9411394,47.745346,0],[36.9382005,47.7212075,0],[36.9288253,47.7156024,0],[36.9232286,47.7079179,0],[36.8445799,47.710891,0],[36.8390195,47.7295281,0],[36.8258227,47.7524605,0],[36.8364857,47.8037809,0],[36.8200231,47.8054199,0],[36.8052767,47.8049814,0],[36.7953521,47.8077924,0],[36.7921045,47.8076835,0],[36.7916037,47.8043463,0],[36.7952364,47.7989402,0],[36.7877398,47.7961995,0],[36.7809882,47.7888734,0],[36.7904857,47.7804498,0],[36.7991779,47.7712165,0],[36.7964796,47.7618658,0],[36.7844286,47.7588058,0],[36.7809623,47.7506676,0],[36.8202041,47.6796947,0],[36.6837635,47.6626204,0],[36.5548938,47.6726743,0],[36.539154,47.621191,0],[36.4341806,47.6049894,0],[36.3679683,47.631198,0],[36.120171,47.5480049,0],[36.0244688,47.534261,0],[35.9902975,47.531172,0],[35.952032,47.4970048,0],[35.8205869,47.5120678,0],[35.7654746,47.5403035,0],[35.7220434,47.5652067,0],[35.7022872,47.5211566,0],[35.5978019,47.4970777,0],[35.557204,47.4998568,0],[35.4996544,47.5342823,0],[35.4867623,47.5454384,0],[35.4091474,47.5426762,0],[35.3946627,47.5205651,0],[35.2942106,47.44745,0],[35.2645654,47.4541369,0],[35.2707678,47.471615,0],[35.265981,47.4729057,0],[35.2488776,47.4672309,0],[35.2022915,47.4446113,0],[35.1483113,47.445294,0],[35.0771591,47.4529096,0],[35.0586487,47.4469957,0],[35.0442631,47.4373645,0],[35.0161971,47.4111308,0],[34.9683437,47.3888413,0],[34.9280574,47.3923437,0],[34.8805332,47.408514,0],[34.8615646,47.4204922,0],[34.8719899,47.4362367,0],[34.8714315,47.4491942,0],[34.8595748,47.4508616,0],[34.8248539,47.4644103,0],[34.7897248,47.4654981,0],[34.7468745,47.4927306,0],[34.7353254,47.4905702,0],[34.7086344,47.4901894,0],[34.6860624,47.4925871,0],[34.6798516,47.5103383,0],[34.6591351,47.5263506,0],[34.6437415,47.5416799,0],[34.6280309,47.5454374,0],[34.5552786,47.4988788,0],[34.4097775,47.4996834,0],[34.3906093,47.5059926,0],[34.3634542,47.4934979,0],[34.34867,47.4735765,0],[34.338344,47.4448677,0],[34.295758,47.4282951,0],[34.262812,47.4260343,0],[34.1264991,47.4151305,0],[34.0837571,47.4221828,0],[34.0588661,47.4180747,0],[34.0395751,47.4021943,0],[33.9874547,47.226306,0],[33.9166814,47.1633177,0],[33.8638587,47.1423051,0],[33.8404469,47.0981315,0],[33.8019775,47.0586238,0],[33.7224099,47.0169906,0],[33.7083154,46.9996555,0],[33.7011069,46.9626424,0],[33.6949441,46.9209355,0],[33.678107,46.9005327,0],[33.6573358,46.9032299,0],[33.6406865,46.8946642,0],[33.6382903,46.8812899,0],[33.6482522,46.8735474,0],[33.6203002,46.8235956,0],[33.5559307,46.812666,0],[33.513875,46.818856,0],[33.475937,46.8156341,0],[33.3893282,46.7671665,0],[33.3563041,46.7920139,0],[33.3474545,46.789736,0],[33.353533,46.7843966,0],[33.371453,46.7685154,0],[33.2863131,46.7485933,0],[33.2567927,46.7552972,0],[33.2234983,46.7671449,0],[33.1984364,46.7686374,0],[33.1435809,46.7599592,0],[33.0011696,46.7179043,0],[32.9210717,46.7117331,0],[32.844876,46.6850914,0],[32.7723323,46.6683442,0],[32.718709,46.6656893,0],[32.701464,46.6626671,0],[32.659008,46.6499968,0],[32.5538255,46.5475863,0],[32.5158849,46.535963,0],[32.4179407,46.4853242,0],[32.3308639,46.4673464,0],[31.8607262,46.5155751,0],[31.8076795,46.4833006,0],[31.9482061,46.4395736,0],[31.9705696,46.4430965,0],[32.0084394,46.4557845,0],[32.0442764,46.424362,0],[32.0595249,46.3756975,0],[31.9435968,46.342538,0],[31.8383148,46.335374,0],[31.7426898,46.3186399,0],[31.7796209,46.2622631,0],[31.8014172,46.2656771,0],[31.9588081,46.2650024,0],[32.247461,46.124245,0],[32.534363,46.0650206,0],[32.7098616,46.1024475,0],[32.9123093,46.1019529,0],[33.1772138,46.1201098,0],[33.2988557,46.0698046,0],[33.4285253,46.0269836,0],[33.5144787,46.0268673,0],[33.4963625,46.0699214,0],[33.5634111,46.0743766,0],[33.5244618,46.1153326,0],[33.5570005,46.1218879,0],[33.5734077,46.1253447,0],[33.6076289,46.1473165,0],[33.6908993,46.2050773,0]],[[37.5644297,47.7913256,0],[37.5644306,47.7913105,0],[37.5644441,47.7913184,0],[37.5644297,47.7913256,0]]] } },

{ "type": "Feature", "properties": { "fid": 20, "Name": null, "description": "29-04-2022", "No": 6, "id": "p20", "side": "ru" }, "geometry": { "type": "Polygon", "coordinates": [[[33.2066095,47.3429937,0],[33.1995579,47.338904,0],[33.1847739,47.3399135,0],[33.1784869,47.3083975,0],[33.162645,47.3056743,0],[33.1564179,47.2996907,0],[33.1587623,47.291329,0],[33.1748368,47.2829665,0],[33.1712759,47.2480739,0],[33.0962683,47.2355339,0],[33.0940611,47.2262445,0],[33.0983722,47.2188302,0],[33.0683483,47.2142046,0],[33.0675684,47.2007253,0],[33.0545197,47.1916379,0],[33.0368182,47.1880265,0],[33.0350061,47.1829845,0],[33.0392019,47.1785258,0],[33.0253114,47.1763194,0],[33.0123568,47.1820104,0],[33.0129162,47.1885883,0],[33.006471,47.1960278,0],[33.0036483,47.196287,0],[33.0013405,47.1957296,0],[33.0004919,47.1943557,0],[33.00033,47.1925152,0],[33.0042314,47.191394,0],[33.0024129,47.1892999,0],[32.9955143,47.190594,0],[32.9915016,47.1893323,0],[32.9906494,47.1800587,0],[32.9961745,47.1674688,0],[32.9936646,47.1656265,0],[32.9874427,47.1680092,0],[32.9907959,47.1581876,0],[32.993207,47.1564565,0],[32.9940822,47.1539285,0],[32.9920568,47.1530744,0],[32.9862885,47.1558002,0],[32.9848809,47.1543642,0],[32.9851572,47.1518429,0],[32.9915458,47.1511212,0],[33.0045515,47.1331367,0],[32.9947847,47.1235486,0],[32.982145,47.1200541,0],[32.96656,47.1159282,0],[32.9513192,47.1167065,0],[32.9507075,47.1140576,0],[32.9573807,47.1103962,0],[32.9724429,47.107514,0],[32.9737284,47.1012827,0],[32.9701208,47.0974668,0],[32.9644544,47.0970392,0],[32.9591312,47.0982475,0],[32.9491681,47.1058823,0],[32.9446918,47.105961,0],[32.9391743,47.1030799,0],[32.9332976,47.0868016,0],[32.9263545,47.0834599,0],[32.9186496,47.0851897,0],[32.9118228,47.0888799,0],[32.9088075,47.0969575,0],[32.9137569,47.1046971,0],[32.9064867,47.1108246,0],[32.8940049,47.1132605,0],[32.8899905,47.1062148,0],[32.8984536,47.0890887,0],[32.8794015,47.0797191,0],[32.8417613,47.0936918,0],[32.8178993,47.0943361,0],[32.7952411,47.0936918,0],[32.7672559,47.0956198,0],[32.7598787,47.0671564,0],[32.7599739,47.0422071,0],[32.5445141,47.0049318,0],[32.4873468,46.9980677,0],[32.4766182,46.9847194,0],[32.4227259,46.9587179,0],[32.4069508,46.8466642,0],[32.4024528,46.8178269,0],[32.4026157,46.8037618,0],[32.3969407,46.7913455,0],[32.3730269,46.7803883,0],[32.367766,46.7614457,0],[32.3139035,46.743353,0],[32.2522974,46.7317499,0],[32.2237972,46.7410209,0],[32.2176037,46.7495852,0],[32.1874451,46.7471601,0],[32.165908,46.7021234,0],[32.1401294,46.6690766,0],[32.1404504,46.6341938,0],[32.1259111,46.6144663,0],[32.1198847,46.596745,0],[32.1397974,46.5507238,0],[32.1847725,46.5752733,0],[32.2091483,46.5762173,0],[32.2465703,46.5922626,0],[32.2596165,46.5903752,0],[32.2787663,46.5809827,0],[32.3207067,46.5533911,0],[32.4264401,46.5750866,0],[32.4432631,46.5749685,0],[32.541797,46.5991534,0],[32.5898624,46.6024557,0],[32.6374127,46.638298,0],[32.6545742,46.6529993,0],[32.6619606,46.6566227,0],[32.7172358,46.6728798,0],[32.7190801,46.6654738,0],[32.7221113,46.6656275,0],[32.7214643,46.6749465,0],[32.7554953,46.6732202,0],[32.7791847,46.6762826,0],[32.8091476,46.6850395,0],[32.8524065,46.7019944,0],[32.9423573,46.7396531,0],[33.0137688,46.7420058,0],[33.0460413,46.7467111,0],[33.0950576,46.7689454,0],[33.1561694,46.7884599,0],[33.2299841,46.7865792,0],[33.3058586,46.7802317,0],[33.3294622,46.7799378,0],[33.3537661,46.7843963,0],[33.3597321,46.7884877,0],[33.3807033,46.8051472,0],[33.4123449,46.8296556,0],[33.4419982,46.8417292,0],[33.4699439,46.8467501,0],[33.5087397,46.8580732,0],[33.5906349,46.8537657,0],[33.595433,46.9345462,0],[33.6621376,46.9998455,0],[33.6561267,47.0557703,0],[33.7473577,47.0938854,0],[33.7820549,47.1306917,0],[33.7886407,47.1861886,0],[33.8201002,47.1980857,0],[33.854999,47.2071725,0],[33.9005628,47.230959,0],[33.9125061,47.2617344,0],[33.9196589,47.2849417,0],[33.9541381,47.3002721,0],[33.9645903,47.3286372,0],[33.9727292,47.3805807,0],[33.9600427,47.4092807,0],[33.8694947,47.389092,0],[33.8440964,47.4089457,0],[33.8355335,47.4338916,0],[33.7757205,47.4239823,0],[33.7233513,47.4201485,0],[33.708752,47.3998503,0],[33.7100392,47.3809113,0],[33.8187657,47.3733317,0],[33.8265053,47.3536407,0],[33.8011093,47.3508024,0],[33.8036963,47.3384263,0],[33.7617412,47.3330274,0],[33.7479405,47.3362306,0],[33.6948078,47.3322838,0],[33.6746955,47.3362494,0],[33.6210263,47.3281788,0],[33.601815,47.3492493,0],[33.5748624,47.3462902,0],[33.5393196,47.3612332,0],[33.5861838,47.4068899,0],[33.5620928,47.4093486,0],[33.5132642,47.3705766,0],[33.454738,47.3938803,0],[33.4251449,47.4321057,0],[33.4102948,47.4408275,0],[33.3977708,47.4566269,0],[33.3969387,47.4680824,0],[33.3969988,47.4749891,0],[33.3849832,47.4770967,0],[33.37211,47.4735182,0],[33.3689801,47.4691984,0],[33.3641229,47.4611842,0],[33.3700752,47.4554676,0],[33.37657,47.4598049,0],[33.3829077,47.4602323,0],[33.3871853,47.4588026,0],[33.390161,47.4508479,0],[33.3934848,47.4434053,0],[33.3964064,47.4301425,0],[33.4023312,47.4216539,0],[33.3945243,47.4164171,0],[33.376623,47.3971765,0],[33.3662861,47.3746804,0],[33.3235919,47.3589497,0],[33.2823307,47.3614029,0],[33.2206489,47.3516231,0],[33.214177,47.3452219,0],[33.2066095,47.3429937,0]]] } },

{ "type": "Feature", "properties": { "fid": 21, "Name": null, "description": "9-11-2022", "No": 6, "id": "p21", "side": "ru" }, "geometry": { "type": "Polygon", "coordinates": [[[33.2629299,47.1920446,0],[33.233098,47.1917425,0],[33.1941614,47.1825317,0],[33.1365672,47.1486666,0],[33.117187,47.1150181,0],[33.101951,47.1058977,0],[33.0702172,47.1069324,0],[33.022206,47.0966579,0],[32.9872558,47.0945787,0],[32.9701614,47.0978158,0],[32.9673282,47.0973391,0],[32.964495,47.0973882,0],[32.9617046,47.0979047,0],[32.9594292,47.0988594,0],[32.9555209,47.1011141,0],[32.9512062,47.1057175,0],[32.9502386,47.1062897,0],[32.9488587,47.1065336,0],[32.9447322,47.10631,0],[32.9423871,47.1056628,0],[32.9397847,47.1043145,0],[32.9392147,47.1034289,0],[32.9386792,47.1019799,0],[32.9377677,47.1005543,0],[32.9359388,47.0944952,0],[32.9345954,47.0881348,0],[32.9335955,47.0867415,0],[32.9304672,47.0848662,0],[32.9263948,47.0838089,0],[32.925048,47.0838323,0],[32.9238728,47.0842648,0],[32.9167587,47.0853926,0],[32.9155126,47.0859958,0],[32.9138167,47.0875247,0],[32.9135265,47.0882599,0],[32.9097331,47.0921867,0],[32.9090758,47.0939285,0],[32.9088476,47.0973065,0],[32.9107214,47.1009134,0],[32.9134609,47.1037977,0],[32.9137543,47.1046664,0],[32.9133166,47.1055832,0],[32.910866,47.1079988,0],[32.905926,47.1106479,0],[32.9021314,47.1125377,0],[32.9001053,47.1132489,0],[32.895144,47.1139258,0],[32.894045,47.1136095,0],[32.893368,47.1130366,0],[32.8921713,47.1114358,0],[32.8913369,47.1094379,0],[32.8908768,47.1068032,0],[32.8911035,47.1037011,0],[32.8949278,47.0969201,0],[32.8954663,47.0953117,0],[32.8974522,47.0922286,0],[32.8984937,47.0894377,0],[32.8978503,47.0884059,0],[32.8945246,47.0871011,0],[32.8847201,47.0826398,0],[32.8754206,47.0790083,0],[32.8717153,47.0772492,0],[32.8703778,47.0771289,0],[32.8647308,47.0791728,0],[32.8625929,47.0795513,0],[32.8528547,47.0790389,0],[32.8491007,47.0803014,0],[32.8480814,47.0830365,0],[32.8464555,47.0849301,0],[32.8440971,47.0861107,0],[32.823949,47.0890093,0],[32.8120367,47.0980414,0],[32.7796722,47.0987641,0],[32.7616162,47.0823217,0],[32.7181719,47.068209,0],[32.6735537,47.0678401,0],[32.6389928,47.0657219,0],[32.5649619,47.0524187,0],[32.5199405,47.044387,0],[32.5160554,47.0275751,0],[32.5151976,47.0209647,0],[32.5072104,47.0060627,0],[32.4873843,46.9984166,0],[32.4766556,46.9850683,0],[32.4593758,46.9566682,0],[32.452511,46.9227401,0],[32.4401733,46.898308,0],[32.4254368,46.878463,0],[32.4147805,46.8696142,0],[32.3952984,46.8630393,0],[32.3766565,46.861804,0],[32.3782299,46.8535228,0],[32.3710201,46.8447762,0],[32.3639557,46.83223,0],[32.3042471,46.7773434,0],[32.2449066,46.7704252,0],[32.2175168,46.7496435,0],[32.1706994,46.7460508,0],[32.1689828,46.7241674,0],[32.1659434,46.7024723,0],[32.1462516,46.7063019,0],[32.1441308,46.6330861,0],[32.118393,46.6313203,0],[32.0940669,46.6336466,0],[32.0979831,46.6142795,0],[32.1055212,46.6103752,0],[32.1130435,46.6043981,0],[32.1182032,46.5965041,0],[32.1380302,46.5559126,0],[32.1854089,46.5749142,0],[32.209184,46.5765662,0],[32.2235581,46.5815228,0],[32.2458337,46.5917858,0],[32.2592234,46.5901343,0],[32.2761417,46.5823935,0],[32.2817832,46.5766759,0],[32.2969624,46.5692149,0],[32.3013232,46.5563242,0],[32.3153787,46.5512314,0],[32.3440676,46.5478086,0],[32.3589801,46.5499013,0],[32.3670031,46.547828,0],[32.3877692,46.5476897,0],[32.3977012,46.5535069,0],[32.412271,46.5594996,0],[32.4190958,46.5606244,0],[32.429224,46.5592374,0],[32.4467281,46.5619193,0],[32.47766,46.5743309,0],[32.4849006,46.5819399,0],[32.496929,46.5868748,0],[32.5037116,46.5930461,0],[32.5113537,46.5954126,0],[32.5207148,46.5963528,0],[32.5388737,46.5953444,0],[32.5468499,46.5964586,0],[32.5575735,46.599843,0],[32.5726688,46.5971458,0],[32.5795135,46.5968506,0],[32.5807371,46.5985304,0],[32.5797396,46.6018471,0],[32.5887848,46.6033354,0],[32.6301019,46.631773,0],[32.6458628,46.6444367,0],[32.6551707,46.6533778,0],[32.6622782,46.6566771,0],[32.6848674,46.6632758,0],[32.6902181,46.6649263,0],[32.695183,46.6667828,0],[32.7004392,46.668311,0],[32.7056955,46.6695076,0],[32.7109459,46.6709887,0],[32.7179155,46.6738434,0],[32.7193113,46.674103,0],[32.7198636,46.6658863,0],[32.7211245,46.6655909,0],[32.7205707,46.6744142,0],[32.7266852,46.6753097,0],[32.739871,46.6746736,0],[32.7504037,46.6733175,0],[32.7582812,46.6729066,0],[32.7673578,46.6728408,0],[32.7777221,46.673422,0],[32.7851702,46.6745479,0],[32.7934545,46.6769435,0],[32.7950161,46.6774871,0],[32.7971616,46.6741048,0],[32.7979085,46.6743734,0],[32.7957219,46.677722,0],[32.8028222,46.6806363,0],[32.8201903,46.684621,0],[32.8349747,46.6904606,0],[32.8386654,46.6943278,0],[32.8693122,46.7069345,0],[32.8820188,46.71551,0],[32.8928403,46.7209065,0],[32.8999799,46.7251085,0],[32.9034455,46.7262159,0],[32.913471,46.7321954,0],[32.9240849,46.7355633,0],[32.9339862,46.7370022,0],[32.9423883,46.7391078,0],[32.9624661,46.7405627,0],[32.9768744,46.7426461,0],[32.9964228,46.7423369,0],[33.0008451,46.7433641,0],[33.0138097,46.7423548,0],[33.0364694,46.7431783,0],[33.0950991,46.7692944,0],[33.1161424,46.7761617,0],[33.1183838,46.7775658,0],[33.1432365,46.7866291,0],[33.1539304,46.7871676,0],[33.1650948,46.7888971,0],[33.1797198,46.7886465,0],[33.1848178,46.7892031,0],[33.1909793,46.7880971,0],[33.2055341,46.7883805,0],[33.2081278,46.7869205,0],[33.2104425,46.784285,0],[33.2122607,46.7833044,0],[33.2151994,46.7831569,0],[33.2190829,46.7842506,0],[33.2213574,46.785212,0],[33.2271938,46.7860556,0],[33.2336742,46.786458,0],[33.2413616,46.7851501,0],[33.2429548,46.7844591,0],[33.2529854,46.7835021,0],[33.2576305,46.7839231,0],[33.260473,46.783051,0],[33.2726811,46.7829814,0],[33.2810237,46.7844655,0],[33.2833534,46.7843771,0],[33.287149,46.7813092,0],[33.2882097,46.7807891,0],[33.292725,46.7795637,0],[33.2968385,46.7766307,0],[33.3018888,46.774835,0],[33.3091409,46.7745272,0],[33.3157391,46.7754824,0],[33.3238878,46.7775616,0],[33.3308356,46.7797872,0],[33.3511162,46.7791985,0],[33.3537045,46.7796411,0],[33.3569043,46.7818208,0],[33.359107,46.7856999,0],[33.3824632,46.8059662,0],[33.4015424,46.821863,0],[33.4134184,46.829065,0],[33.4433426,46.8407579,0],[33.4719031,46.847511,0],[33.5087838,46.8584222,0],[33.5906796,46.8541147,0],[33.5992567,46.894505,0],[33.5989109,46.9350124,0],[33.6552459,46.9853527,0],[33.6621828,47.0001945,0],[33.6575451,47.0472303,0],[33.6602213,47.0506317,0],[33.7251593,47.0810237,0],[33.7602238,47.0969799,0],[33.7784534,47.11734,0],[33.7886241,47.1329093,0],[33.7828755,47.1530205,0],[33.7802136,47.1728981,0],[33.7527469,47.1768009,0],[33.7099177,47.1778456,0],[33.6430646,47.1671087,0],[33.5685495,47.1586919,0],[33.4905617,47.1945707,0],[33.419735,47.1956525,0],[33.313349,47.1960332,0],[33.2629299,47.1920446,0]]] } },

{ "type": "Feature", "properties": { "fid": 22, "Name": null, "description": "10-11-2022", "No": 6, "id": "p22", "side": "ru" }, "geometry": { "type": "Polygon", "coordinates": [[[33.4871105,47.0927938,0],[33.4218663,47.0793157,0],[33.3769947,47.0619349,0],[33.3157026,47.0286454,0],[33.2695248,47.0039407,0],[33.1918007,46.994654,0],[33.1420346,46.9608382,0],[33.0531738,46.9607169,0],[32.9717008,46.975087,0],[32.852122,46.9915285,0],[32.8071103,46.9909984,0],[32.7617145,47.0032881,0],[32.7459915,47.0210465,0],[32.6667993,47.0170539,0],[32.6071171,46.9114723,0],[32.6061993,46.8626996,0],[32.5812789,46.8385695,0],[32.4856922,46.764409,0],[32.4475246,46.7230659,0],[32.4475252,46.7235375,0],[32.3948084,46.694001,0],[32.3146782,46.6809087,0],[32.2507452,46.6482923,0],[32.2169775,46.6078028,0],[32.2346316,46.5863604,0],[32.2458348,46.5913142,0],[32.2592244,46.5896627,0],[32.2761426,46.5819219,0],[32.281784,46.5762043,0],[32.2969631,46.5687433,0],[32.3013238,46.5558526,0],[32.3153792,46.5507598,0],[32.3440679,46.547337,0],[32.3589802,46.5494297,0],[32.3670032,46.5473564,0],[32.3877691,46.5472181,0],[32.397701,46.5530353,0],[32.4122707,46.559028,0],[32.4190954,46.5601528,0],[32.4292235,46.5587658,0],[32.4467275,46.5614477,0],[32.4776591,46.5738593,0],[32.4848996,46.5814683,0],[32.4969279,46.5864032,0],[32.5037105,46.5925745,0],[32.5113525,46.594941,0],[32.5207135,46.5958812,0],[32.5388723,46.5948728,0],[32.5468484,46.595987,0],[32.5575719,46.5993714,0],[32.5726671,46.5966742,0],[32.5795117,46.596379,0],[32.5807353,46.5980588,0],[32.5797378,46.6013755,0],[32.5887829,46.6028638,0],[32.6300997,46.6313014,0],[32.6458604,46.6439651,0],[32.6551683,46.6529062,0],[32.6622757,46.6562055,0],[32.6848647,46.6628042,0],[32.6902153,46.6644547,0],[32.6951802,46.6663112,0],[32.7004364,46.6678394,0],[32.7056926,46.669036,0],[32.710943,46.6705171,0],[32.7179125,46.6733718,0],[32.7193083,46.6736314,0],[32.7198606,46.6654147,0],[32.7211215,46.6651193,0],[32.7205677,46.6739426,0],[32.7266821,46.6748381,0],[32.7398678,46.674202,0],[32.7504004,46.6728459,0],[32.7582779,46.672435,0],[32.7673544,46.6723692,0],[32.7777186,46.6729504,0],[32.7851666,46.6740763,0],[32.7934508,46.6764719,0],[32.7950124,46.6770155,0],[32.7971579,46.6736332,0],[32.7979048,46.6739018,0],[32.7957182,46.6772504,0],[32.8028185,46.6801647,0],[32.8201864,46.6841494,0],[32.8349707,46.689989,0],[32.8386613,46.6938562,0],[32.8693079,46.7064629,0],[32.8820144,46.7150384,0],[32.8928358,46.7204349,0],[32.8999753,46.7246369,0],[32.9034409,46.7257443,0],[32.9134663,46.7317238,0],[32.9240801,46.7350917,0],[32.9339813,46.7365306,0],[32.9423833,46.7386362,0],[32.962461,46.7400911,0],[32.9768691,46.7421745,0],[32.9964174,46.7418653,0],[33.0008396,46.7428925,0],[33.0138041,46.7418832,0],[33.0364636,46.7427067,0],[33.0950928,46.7688228,0],[33.1161359,46.7756901,0],[33.1183773,46.7770942,0],[33.1432298,46.7861575,0],[33.1539236,46.786696,0],[33.1650879,46.7884255,0],[33.1797127,46.7881749,0],[33.1848107,46.7887315,0],[33.1909721,46.7876255,0],[33.2055268,46.787909,0],[33.2081205,46.786449,0],[33.2104352,46.7838135,0],[33.2122534,46.7828329,0],[33.215192,46.7826854,0],[33.2190755,46.7837791,0],[33.22135,46.7847405,0],[33.2271863,46.7855841,0],[33.2336667,46.7859865,0],[33.241354,46.7846786,0],[33.2429472,46.7839876,0],[33.2529777,46.7830306,0],[33.2576228,46.7834516,0],[33.2604652,46.7825795,0],[33.2726732,46.7825099,0],[33.2810158,46.783994,0],[33.2833454,46.7839056,0],[33.287141,46.7808377,0],[33.2882017,46.7803176,0],[33.292717,46.7790922,0],[33.2968304,46.7761592,0],[33.3018807,46.7743635,0],[33.3091327,46.7740557,0],[33.3157309,46.7750109,0],[33.3238795,46.7770901,0],[33.3308272,46.7793157,0],[33.3511076,46.778727,0],[33.3536959,46.7791696,0],[33.3568957,46.7813493,0],[33.3590984,46.7852284,0],[33.3824544,46.8054947,0],[33.4015334,46.8213915,0],[33.4134093,46.8285935,0],[33.4433332,46.8402864,0],[33.4718935,46.8470395,0],[33.5087738,46.8579507,0],[33.5906689,46.8536432,0],[33.5992459,46.8940335,0],[33.5989001,46.9345409,0],[33.6552346,46.9848812,0],[33.6606264,47.0056934,0],[33.659854,47.021868,0],[33.6525556,47.0424892,0],[33.5733053,47.0723481,0],[33.4871105,47.0927938,0]]] } },

{ "type": "Feature", "properties": { "fid": 23, "Name": null, "description": "10-11-2022 ЛБ Херсон с Кинбурном", "No": 6, "id": "p23", "side": "ru" }, "geometry": { "type": "Polygon", "coordinates": [[[35.2525174,46.2505709,0],[35.2210679,46.2268989,0],[35.2090233,46.1903722,0],[35.1330574,46.1634307,0],[35.0290037,46.14808,0],[35.0256763,46.127811,0],[34.9871752,46.1052755,0],[34.9733811,46.0721051,0],[35.0708827,46.0957873,0],[35.1518034,46.1216585,0],[35.1858838,46.1469167,0],[35.275482,46.2556112,0],[35.3602359,46.3546635,0],[35.4578294,46.4412316,0],[35.6043534,46.4804352,0],[35.7360032,46.5839813,0],[35.9364232,46.6585947,0],[36.1170931,46.6514246,0],[36.1898849,46.6670306,0],[36.2290436,46.6505061,0],[36.2598962,46.6186212,0],[36.1908498,46.5346757,0],[36.1665138,46.5276778,0],[36.1516335,46.5468178,0],[36.1472619,46.508948,0],[36.0911211,46.4924288,0],[36.1167335,46.4871992,0],[36.1840637,46.4980304,0],[36.3170968,46.6501447,0],[36.3768491,46.7055039,0],[36.5871045,46.7646623,0],[36.7055683,46.7776224,0],[36.8012652,46.7277543,0],[36.7906962,46.6747997,0],[36.7783436,46.6636496,0],[36.7610148,46.6658088,0],[36.742359,46.6373607,0],[36.7589376,46.6217212,0],[36.8049871,46.6591521,0],[36.8380534,46.7057614,0],[36.8685198,46.765691,0],[36.9019536,46.8087899,0],[36.9930792,46.8624588,0],[37.0368602,46.8654582,0],[37.2380483,46.9398175,0],[37.2972107,46.9273264,0],[37.3189188,46.8962982,0],[37.2805705,46.8736902,0],[37.2872851,46.863351,0],[37.3214636,46.8692065,0],[37.526304,47.0495337,0],[37.5264869,47.0697845,0],[37.5878876,47.0772638,0],[37.6204618,47.0865732,0],[37.6273774,47.0941014,0],[37.6758112,47.0778874,0],[37.684032,47.0766772,0],[37.6858846,47.0804963,0],[37.7138794,47.0798327,0],[37.7743938,47.0875496,0],[37.7940835,47.0837782,0],[37.8219878,47.0908909,0],[37.8383095,47.0997045,0],[37.8292834,47.1127418,0],[37.8180535,47.1190987,0],[37.8499825,47.1742053,0],[37.8513558,47.198938,0],[37.833503,47.249301,0],[37.8338464,47.2854117,0],[37.8276665,47.3026429,0],[37.8348763,47.3082302,0],[37.8317864,47.3149807,0],[37.8245766,47.3214977,0],[37.8273232,47.3284792,0],[37.8292834,47.3425074,0],[37.8444894,47.3419742,0],[37.856849,47.3436027,0],[37.8612124,47.3478578,0],[37.8591525,47.3543707,0],[37.8486092,47.3501161,0],[37.8376229,47.3524422,0],[37.8417428,47.3584893,0],[37.8515994,47.3655338,0],[37.841643,47.3690218,0],[37.8383096,47.3780216,0],[37.8503258,47.3842983,0],[37.856849,47.3928985,0],[37.855819,47.403124,0],[37.8637154,47.4265885,0],[37.8784784,47.4416839,0],[37.8925547,47.4697729,0],[37.7823477,47.5859162,0],[37.7686147,47.6354478,0],[37.801917,47.6423879,0],[37.8039769,47.6601962,0],[37.7644947,47.6847015,0],[37.6726795,47.7247168,0],[37.6375888,47.7519939,0],[37.623169,47.7731102,0],[37.6345486,47.8025384,0],[37.6342622,47.838423,0],[37.6440338,47.8866264,0],[37.5759066,47.9077328,0],[37.5685999,47.9077685,0],[37.5350286,47.917986,0],[37.5394068,47.9242357,0],[37.5428393,47.9324766,0],[37.5285901,47.9414985,0],[37.5218536,47.94582,0],[37.5251581,47.9572022,0],[37.5175621,47.9543856,0],[37.509879,47.9526517,0],[37.5080368,47.9511707,0],[37.5067955,47.9485399,0],[37.5088799,47.9476484,0],[37.5139988,47.9439687,0],[37.5148196,47.9418555,0],[37.5115197,47.9379314,0],[37.5153497,47.9364344,0],[37.5137189,47.9330128,0],[37.5078854,47.9299295,0],[37.5063169,47.9264247,0],[37.5276472,47.9184462,0],[37.5333182,47.9032287,0],[37.5407013,47.8815661,0],[37.5280859,47.8554011,0],[37.5329927,47.8436168,0],[37.5124754,47.8239692,0],[37.4923097,47.8225267,0],[37.486523,47.8177572,0],[37.4670091,47.817087,0],[37.4566535,47.8109284,0],[37.4478453,47.8008523,0],[37.42891,47.79973,0],[37.4316066,47.7761204,0],[37.4251051,47.7510839,0],[37.4108784,47.7412695,0],[37.398621,47.7366362,0],[37.3920715,47.7401991,0],[37.3876407,47.738956,0],[37.3790374,47.7433381,0],[37.3683547,47.7428091,0],[37.3678462,47.7418087,0],[37.3568995,47.7442315,0],[37.3544172,47.7445792,0],[37.3465338,47.7473523,0],[37.3319098,47.7490964,0],[37.3308037,47.7516756,0],[37.3323669,47.7561416,0],[37.3248494,47.7573979,0],[37.3171094,47.7580051,0],[37.3039992,47.7586027,0],[37.2962932,47.7633797,0],[37.2910934,47.7623834,0],[37.2868848,47.7586953,0],[37.2806592,47.7593923,0],[37.2797556,47.7573485,0],[37.2833064,47.7554815,0],[37.286342,47.7530951,0],[37.2841424,47.7510841,0],[37.2684675,47.7519574,0],[37.2607631,47.7506098,0],[37.2484578,47.7406451,0],[37.2272606,47.7404408,0],[37.2169257,47.7398664,0],[37.2137934,47.7368979,0],[37.1861162,47.741201,0],[37.173647,47.7317458,0],[37.1207855,47.7346343,0],[37.1020021,47.7446641,0],[37.0535419,47.7436656,0],[36.964522,47.7635413,0],[36.9295202,47.7763473,0],[36.903955,47.7868254,0],[36.8879868,47.7953492,0],[36.8735563,47.805457,0],[36.8360852,47.8152793,0],[36.8202493,47.8216769,0],[36.8008516,47.8216192,0],[36.7830847,47.8149625,0],[36.7441822,47.8092012,0],[36.7258948,47.8103556,0],[36.7163679,47.8098959,0],[36.6842471,47.7931796,0],[36.660036,47.7841794,0],[36.6581247,47.7764101,0],[36.6065339,47.7738529,0],[36.5375529,47.7167429,0],[36.5552546,47.6730363,0],[36.538214,47.6689171,0],[36.4448402,47.6502396,0],[36.3683277,47.6315602,0],[36.3052024,47.5967757,0],[36.2676334,47.5759913,0],[36.2255515,47.5633106,0],[36.1872538,47.5405371,0],[36.0787899,47.5254084,0],[36.0304002,47.516142,0],[36.0139186,47.5103296,0],[35.9808841,47.5134859,0],[35.9589323,47.4809483,0],[35.8130227,47.4807705,0],[35.7132434,47.4921281,0],[35.7104288,47.5001207,0],[35.7022113,47.5000623,0],[35.6986295,47.4956547,0],[35.691872,47.4978572,0],[35.6851135,47.5028427,0],[35.6654653,47.4972684,0],[35.6546633,47.5009618,0],[35.5593185,47.5212867,0],[35.5065103,47.5136471,0],[35.4549898,47.5104016,0],[35.4345108,47.5141379,0],[35.4443467,47.5277912,0],[35.3950278,47.5209199,0],[35.3347223,47.525255,0],[35.3228214,47.5155116,0],[35.2993812,47.5109537,0],[35.2878203,47.5072123,0],[35.2808962,47.5033687,0],[35.2746786,47.4968778,0],[35.2736544,47.4936921,0],[35.2807955,47.4721641,0],[35.2644227,47.4738779,0],[35.2026425,47.4449743,0],[35.1486619,47.445657,0],[35.1190963,47.4510955,0],[35.0702994,47.4507769,0],[35.0624319,47.4486647,0],[35.046158,47.4377275,0],[35.0288206,47.4181151,0],[34.9686931,47.3892045,0],[34.9354445,47.3916029,0],[34.8837144,47.406089,0],[34.8633723,47.4208554,0],[34.8747419,47.4375288,0],[34.8741835,47.4494994,0],[34.8599235,47.4512248,0],[34.8252023,47.4647735,0],[34.7923046,47.467718,0],[34.7491537,47.492572,0],[34.7193654,47.4920934,0],[34.708982,47.4905527,0],[34.6894139,47.4948642,0],[34.6801991,47.5107016,0],[34.6420717,47.5443897,0],[34.6283781,47.5458007,0],[34.6180346,47.5444616,0],[34.5990399,47.5346411,0],[34.5862489,47.5217799,0],[34.5445304,47.5326781,0],[34.5331376,47.5304299,0],[34.5006234,47.4996444,0],[34.4358396,47.4968841,0],[34.3869488,47.5138458,0],[34.3727587,47.5106463,0],[34.3383722,47.4677319,0],[34.3349123,47.4469725,0],[34.2961027,47.4286586,0],[34.2696797,47.4395195,0],[34.19929,47.4120751,0],[34.1457254,47.4244375,0],[34.1183461,47.4205374,0],[34.0648743,47.4242885,0],[34.0466778,47.4176252,0],[34.0422354,47.4104,0],[34.0196507,47.3580093,0],[33.9827331,47.230633,0],[33.9678607,47.2112479,0],[33.9448451,47.1972232,0],[33.9295544,47.1795519,0],[33.903127,47.1599485,0],[33.8635721,47.1451822,0],[33.8499522,47.1377648,0],[33.8407881,47.0984953,0],[33.8023184,47.0589876,0],[33.7227502,47.0173544,0],[33.6976692,46.9951021,0],[33.6956106,46.9553908,0],[33.6881602,46.9204201,0],[33.6784469,46.9008966,0],[33.6568173,46.9046493,0],[33.6338234,46.8994853,0],[33.6340293,46.8662278,0],[33.6202993,46.8290051,0],[33.4702672,46.8209318,0],[33.4029391,46.773568,0],[33.3900249,46.7834027,0],[33.3773363,46.7767474,0],[33.3733741,46.7764584,0],[33.3584344,46.7693577,0],[33.3547354,46.7627522,0],[33.3379268,46.7571308,0],[33.3172596,46.7528588,0],[33.2863069,46.749369,0],[33.2557563,46.7540735,0],[33.2446918,46.7630406,0],[33.1919064,46.7692367,0],[33.1516875,46.7819188,0],[33.1455765,46.7821922,0],[33.1364617,46.7810842,0],[33.1287897,46.7792791,0],[33.0972858,46.7658777,0],[33.0839853,46.7597036,0],[33.0615862,46.7473297,0],[33.0441353,46.7405882,0],[33.0257169,46.7379188,0],[33.0097302,46.7369916,0],[32.9870616,46.7390543,0],[32.9353109,46.732044,0],[32.9146024,46.7277705,0],[32.9039352,46.7231427,0],[32.836024,46.6847162,0],[32.8153649,46.6769739,0],[32.8027755,46.6760847,0],[32.7864417,46.6702986,0],[32.7588567,46.6656057,0],[32.7318311,46.6648554,0],[32.7204808,46.6659296,0],[32.713963,46.6658582,0],[32.6977201,46.6620595,0],[32.6593408,46.6503611,0],[32.6149477,46.6173221,0],[32.5885651,46.5925707,0],[32.5578634,46.5970285,0],[32.5396214,46.5925785,0],[32.5123265,46.5917217,0],[32.4896464,46.5796492,0],[32.4781734,46.5715563,0],[32.4614565,46.5648964,0],[32.3066919,46.4956161,0],[32.2781761,46.500991,0],[32.2527452,46.5056506,0],[32.2504361,46.4820732,0],[32.1945942,46.4882908,0],[32.1486947,46.5145828,0],[32.1166462,46.517163,0],[32.0439937,46.4915104,0],[31.9941309,46.4928168,0],[31.9665383,46.5082456,0],[31.879015,46.5354656,0],[31.8815641,46.5182691,0],[31.8649158,46.5175934,0],[31.8070728,46.5294354,0],[31.7569233,46.5479256,0],[31.6976527,46.5450053,0],[31.6690382,46.5387374,0],[31.6315001,46.5404893,0],[31.5816742,46.537219,0],[31.5540849,46.5454363,0],[31.5305196,46.5576033,0],[31.5134183,46.5807998,0],[31.5112983,46.5766614,0],[31.5216224,46.561578,0],[31.5469521,46.5387028,0],[31.6567519,46.4688867,0],[31.7263209,46.4086438,0],[31.7460697,46.3764563,0],[31.7738399,46.3585737,0],[31.7892493,46.3733802,0],[31.737668,46.4261928,0],[31.7083516,46.446609,0],[31.6971262,46.4472352,0],[31.704266,46.4665485,0],[31.7420407,46.4853092,0],[31.7970201,46.4781096,0],[31.89212,46.4568005,0],[31.9528254,46.4374539,0],[31.9748459,46.4392025,0],[32.0022447,46.453429,0],[32.0290404,46.4375397,0],[32.0355703,46.4165629,0],[32.0090507,46.3641139,0],[31.9697707,46.3483597,0],[31.8682771,46.3343548,0],[31.8234499,46.3371015,0],[31.7725398,46.3271444,0],[31.7455912,46.306021,0],[31.7477398,46.2981388,0],[31.7580932,46.2948403,0],[31.7680176,46.2965165,0],[31.7745083,46.2939227,0],[31.7712141,46.288838,0],[31.7755462,46.2854607,0],[31.775112,46.282265,0],[31.78213,46.2768377,0],[31.7832894,46.2725096,0],[31.7771981,46.2681276,0],[31.7796043,46.2644672,0],[31.7844089,46.2650835,0],[31.7845155,46.2688628,0],[31.7917038,46.2738877,0],[31.8097262,46.2720936,0],[31.8143596,46.2694483,0],[31.8132429,46.2647435,0],[31.8183057,46.2643109,0],[31.8346957,46.266138,0],[31.8331443,46.2697922,0],[31.8351926,46.2728282,0],[31.8476993,46.2679219,0],[31.8507402,46.268254,0],[31.8612225,46.2721427,0],[31.8708329,46.2657735,0],[31.8740032,46.2652566,0],[31.8832899,46.2734161,0],[31.8950685,46.2807445,0],[31.9044902,46.2974386,0],[31.9368206,46.2921419,0],[31.9437442,46.2855591,0],[31.9555985,46.2658955,0],[31.9695132,46.2572078,0],[32.0285439,46.2455961,0],[32.0514181,46.2497849,0],[32.077753,46.2389204,0],[32.0878278,46.2214609,0],[32.1211521,46.2043925,0],[32.1659652,46.196893,0],[32.1870241,46.175666,0],[32.2061324,46.1721801,0],[32.2081053,46.1867989,0],[32.2218112,46.18771,0],[32.2398791,46.1785152,0],[32.2279414,46.1683471,0],[32.2366721,46.1501329,0],[32.2195204,46.1279609,0],[32.5431059,46.0616925,0],[32.7101943,46.1028118,0],[32.9365042,46.1016028,0],[33.1679366,46.119522,0],[33.2823694,46.0723123,0],[33.429206,46.0254405,0],[33.5256314,46.0267545,0],[33.4967004,46.0702854,0],[33.5721609,46.0737878,0],[33.5309796,46.1101035,0],[33.6066801,46.1468776,0],[33.6897001,46.204334,0],[33.7145537,46.1968941,0],[33.7405319,46.1851281,0],[33.82395,46.1870691,0],[34.0383336,46.1169353,0],[34.1225822,46.1081224,0],[34.1607715,46.0804296,0],[34.2277542,46.0608165,0],[34.3824645,46.0346918,0],[34.4367261,45.9681642,0],[34.4785519,45.9469467,0],[34.5560425,45.988691,0],[34.6514148,45.9739079,0],[34.7008834,45.9591791,0],[34.7527159,45.9102311,0],[34.7828789,45.9049747,0],[34.796134,45.8920532,0],[34.8008812,45.8047349,0],[34.9582188,45.7600372,0],[34.9770528,45.765285,0],[34.8959643,45.8988106,0],[34.8524739,46.0092176,0],[34.8346407,46.1155296,0],[34.833783,46.2001334,0],[34.9030041,46.2363897,0],[35.0248139,46.2563043,0],[35.079863,46.2766366,0],[35.1177702,46.3142433,0],[35.1380024,46.3482526,0],[35.1783568,46.3629189,0],[35.1931728,46.3709222,0],[35.2017945,46.3797144,0],[35.2567497,46.3752827,0],[35.2614702,46.3658773,0],[35.2654164,46.3523256,0],[35.2690989,46.3553905,0],[35.2898036,46.3565521,0],[35.3041691,46.3538716,0],[35.307895,46.3482888,0],[35.3142642,46.3437571,0],[35.3179201,46.3378326,0],[35.3165158,46.3307144,0],[35.3174416,46.3170382,0],[35.2988051,46.314937,0],[35.2925857,46.3079961,0],[35.293277,46.302449,0],[35.2989871,46.2989783,0],[35.2525174,46.2505709,0]]] } }

]
}
